ds,time,y
31/08/2567        23:00                 3.00,,
31/08/2567        22:00                 3.24,,
31/08/2567        21:00                 3.42,,
31/08/2567        20:00                 3.69,,
31/08/2567        19:00                 3.77,,
31/08/2567        18:00                 3.88,,
31/08/2567        17:00                 3.78,,
31/08/2567        16:00                 3.47,,
31/08/2567        15:00                 3.13,,
31/08/2567        14:00                 2.71,,
31/08/2567        13:00                 2.19,,
31/08/2567        12:00                 1.83,,
31/08/2567        11:00                 1.53,,
31/08/2567        10:00                 1.37,,
31/08/2567        09:00                 1.39,,
31/08/2567        08:00                 1.51,,
31/08/2567        07:00                 1.73,,
31/08/2567        06:00                 1.94,,
31/08/2567        05:00                 2.11,,
31/08/2567        04:00                 2.44,,
31/08/2567        03:00                 2.65,,
31/08/2567        02:00                 2.75,,
31/08/2567        01:00                 2.95,,
31/08/2567        00:00                 3.05,,
30/08/2567        23:00                 3.16,,
30/08/2567        22:00                 3.42,,
30/08/2567        21:00                 3.51,,
30/08/2567        20:00                 3.70,,
30/08/2567        19:00                 3.92,,
30/08/2567        18:00                 3.91,,
30/08/2567        17:00                 3.97,,
30/08/2567        16:00                 3.81,,
30/08/2567        15:00                 3.55,,
30/08/2567        14:00                 3.23,,
30/08/2567        13:00                 2.78,,
30/08/2567        12:00                 2.43,,
30/08/2567        11:00                 2.12,,
30/08/2567        10:00                 1.69,,
30/08/2567        09:00                 1.53,,
30/08/2567        08:00                 1.36,,
30/08/2567        07:00                 1.50,,
30/08/2567        06:00                 1.65,,
30/08/2567        05:00                 1.77,,
30/08/2567        04:00                 1.97,,
30/08/2567        03:00                 2.32,,
30/08/2567        02:00                 2.64,,
30/08/2567        01:00                 2.77,,
30/08/2567        00:00                 3.07,,
29/08/2567        23:00                 3.13,,
29/08/2567        22:00                 3.34,,
29/08/2567        21:00                 3.40,,
29/08/2567        20:00                 3.50,,
29/08/2567        19:00                 3.60,,
29/08/2567        18:00                 3.81,,
29/08/2567   17:00   3.76,,
29/08/2567   16:00   3.71,,
29/08/2567   15:00   3.49,,
29/08/2567   14:00   3.36,,
29/08/2567   13:00   3.09,,
29/08/2567   12:00   2.82,,
29/08/2567   11:00   2.45,,
29/08/2567   10:00   2.00,,
29/08/2567   09:00   1.73,,
29/08/2567   08:00   1.37,,
29/08/2567   07:00   1.28,,
29/08/2567   06:00   1.18,,
29/08/2567   05:00   1.33,,
29/08/2567   04:00   1.53,,
29/08/2567   03:00   1.83,,
29/08/2567   02:00   2.14,,
29/08/2567   01:00   2.53,,
29/08/2567   00:00   2.95,,
28/08/2567   23:00   3.14,,
28/08/2567   22:00   3.36,,
28/08/2567   21:00   3.35,,
28/08/2567   20:00   3.44,,
28/08/2567   19:00   3.33,,
28/08/2567   18:00   3.47,,
28/08/2567   17:00   3.52,,
28/08/2567   16:00   3.51,,
28/08/2567   15:00   3.50,,
28/08/2567   14:00   3.55,,
28/08/2567   13:00   3.47,,
28/08/2567   12:00   3.32,,
28/08/2567   11:00   2.97,,
28/08/2567   10:00   2.58,,
28/08/2567   09:00   2.32,,
28/08/2567   08:00   1.78,,
28/08/2567   07:00   1.34,,
28/08/2567   06:00   1.21,,
28/08/2567   05:00   1.34,,
28/08/2567   04:00   1.52,,
28/08/2567   03:00   1.81,,
28/08/2567   02:00   2.08,,
28/08/2567   01:00   2.73,,
28/08/2567   00:00   3.37,,
27/08/2567   23:00   3.46,,
27/08/2567   22:00   3.60,,
27/08/2567   21:00   3.72,,
27/08/2567   20:00   3.65,,
27/08/2567   19:00   3.51,,
27/08/2567   18:00   3.42,,
27/08/2567   17:00   3.26,,
27/08/2567   16:00   3.18,,
27/08/2567   15:00   3.33,,
27/08/2567   14:00   3.45,,
27/08/2567   13:00   3.46,,
27/08/2567   12:00   3.42,,
27/08/2567   11:00   3.30,,
27/08/2567   10:00   3.10,,
27/08/2567   09:00   2.72,,
27/08/2567   08:00   2.23,,
27/08/2567   07:00   1.70,,
27/08/2567   06:00   1.27,,
27/08/2567   05:00   1.18,,
27/08/2567   04:00   1.32,,
27/08/2567   03:00   1.56,,
27/08/2567   02:00   1.90,,
27/08/2567   01:00   2.35,,
27/08/2567   00:00   2.82,,
26/08/2567   23:00   3.27,,
26/08/2567   22:00   3.59,,
26/08/2567   21:00   3.74,,
26/08/2567   20:00   3.79,,
26/08/2567   19:00   3.45,,
26/08/2567   18:00   3.12,,
26/08/2567   17:00   2.84,,
26/08/2567   16:00   2.63,,
26/08/2567   15:00   2.61,,
26/08/2567   14:00   2.69,,
26/08/2567   13:00   2.95,,
26/08/2567   12:00   3.22,,
26/08/2567   11:00   3.37,,
26/08/2567   10:00   3.34,,
26/08/2567   09:00   3.21,,
26/08/2567   08:00   2.85,,
26/08/2567   07:00   2.31,,
26/08/2567   06:00   1.73,,
26/08/2567   05:00   1.31,,
26/08/2567   04:00   1.27,,
26/08/2567   03:00   1.43,,
26/08/2567   02:00   1.74,,
26/08/2567   01:00   2.13,,
26/08/2567   00:00   2.66,,
25/08/2567   23:00   3.22,,
25/08/2567   22:00   3.60,,
25/08/2567   21:00   3.91,,
25/08/2567   20:00   3.96,,
25/08/2567   19:00   3.76,,
25/08/2567   18:00   3.37,,
25/08/2567   17:00   2.85,,
25/08/2567   16:00   2.29,,
25/08/2567   15:00   2.15,,
25/08/2567   14:00   2.20,,
25/08/2567   13:00   2.48,,
25/08/2567   12:00   2.90,,
25/08/2567   11:00   3.20,,
25/08/2567   10:00   3.46,,
25/08/2567   09:00   3.50,,
25/08/2567   08:00   3.36,,
25/08/2567   07:00   2.94,,
25/08/2567   06:00   2.41,,
25/08/2567   05:00   1.75,,
25/08/2567   04:00   1.38,,
25/08/2567   03:00   1.51,,
25/08/2567   02:00   1.74,,
25/08/2567   01:00   2.10,,
,,
25/08/2567   00:00   2.60,,
24/08/2567   23:00   3.19,,
24/08/2567   22:00   3.63,,
24/08/2567   21:00   3.99,,
24/08/2567   20:00   3.99,,
24/08/2567   19:00   3.75,,
24/08/2567   18:00   3.18,,
24/08/2567   17:00   2.59,,
24/08/2567   16:00   1.94,,
24/08/2567   15:00   1.63,,
24/08/2567   14:00   1.67,,
24/08/2567   13:00   1.91,,
24/08/2567   12:00   2.33,,
24/08/2567   11:00   2.81,,
24/08/2567   10:00   3.21,,
24/08/2567   09:00   3.47,,
24/08/2567   08:00   3.57,,
24/08/2567   07:00   3.34,,
24/08/2567   06:00   2.91,,
24/08/2567   05:00   2.33,,
24/08/2567   04:00   1.80,,
24/08/2567   03:00   1.71,,
24/08/2567   02:00   1.89,,
24/08/2567   01:00   2.15,,
24/08/2567   00:00   2.57,,
23/08/2567   23:00   3.13,,
23/08/2567   22:00   3.65,,
23/08/2567   21:00   3.98,,
23/08/2567   20:00   4.01,,
23/08/2567   19:00   3.89,,
23/08/2567   18:00   3.51,,
23/08/2567   17:00   2.83,,
23/08/2567   16:00   2.19,,
23/08/2567   15:00   1.52,,
23/08/2567   14:00   1.47,,
23/08/2567   13:00   1.63,,
23/08/2567   12:00   1.90,,
23/08/2567   11:00   2.32,,
23/08/2567   10:00   2.93,,
23/08/2567   09:00   3.43,,
23/08/2567   08:00   3.69,,
23/08/2567   07:00   3.79,,
23/08/2567   06:00   3.54,,
23/08/2567   05:00   3.26,,
23/08/2567   04:00   2.75,,
23/08/2567   03:00   2.45,,
23/08/2567   02:00   2.41,,
23/08/2567   01:00   2.53,,
23/08/2567   00:00   2.95,,
22/08/2567   23:00   3.40,,
22/08/2567   22:00   3.84,,
22/08/2567   21:00   4.16,,
22/08/2567   20:00   4.16,,
22/08/2567   19:00   4.01,,
22/08/2567   18:00   3.64,,
22/08/2567   17:00   2.99,,
,,
22/08/2567   16:00   2.19,,
22/08/2567   15:00   1.50,,
22/08/2567   14:00   1.18,,
22/08/2567   13:00   1.32,,
22/08/2567   12:00   1.54,,
22/08/2567   11:00   1.87,,
22/08/2567   10:00   2.33,,
22/08/2567   09:00   2.79,,
22/08/2567   08:00   3.20,,
22/08/2567   07:00   3.50,,
22/08/2567   06:00   3.47,,
22/08/2567   05:00   3.37,,
22/08/2567   04:00   3.01,,
22/08/2567   03:00   2.69,,
22/08/2567   02:00   2.48,,
22/08/2567   01:00   2.58,,
22/08/2567   00:00   2.81,,
21/08/2567   23:00   3.20,,
21/08/2567   22:00   3.61,,
21/08/2567   21:00   3.93,,
21/08/2567   20:00   4.05,,
21/08/2567   19:00   3.91,,
21/08/2567   18:00   3.62,,
21/08/2567   17:00   3.10,,
21/08/2567   16:00   2.37,,
21/08/2567   15:00   1.49,,
21/08/2567   14:00   1.04,,
21/08/2567   13:00   1.11,,
21/08/2567   12:00   1.25,,
21/08/2567   11:00   1.46,,
21/08/2567   10:00   1.72,,
21/08/2567   09:00   2.13,,
21/08/2567   08:00   2.59,,
21/08/2567   07:00   3.04,,
21/08/2567   06:00   3.31,,
21/08/2567   05:00   3.34,,
21/08/2567   04:00   3.30,,
21/08/2567   03:00   3.03,,
21/08/2567   02:00   3.05,,
21/08/2567   01:00   2.94,,
21/08/2567   00:00   2.99,,
20/08/2567   23:00   3.29,,
20/08/2567   22:00   3.58,,
20/08/2567   21:00   3.93,,
20/08/2567   20:00   4.20,,
20/08/2567   19:00   4.15,,
20/08/2567   18:00   3.89,,
20/08/2567   17:00   3.48,,
20/08/2567   16:00   2.93,,
20/08/2567   15:00   2.22,,
20/08/2567   14:00   1.55,,
20/08/2567   13:00   1.15,,
20/08/2567   12:00   1.16,,
20/08/2567   11:00   1.31,,
20/08/2567   10:00   1.51,,
20/08/2567   09:00   1.77,,
,,
20/08/2567   08:00   2.12,,
20/08/2567   07:00   2.63,,
20/08/2567   06:00   3.00,,
20/08/2567   05:00   3.11,,
20/08/2567   04:00   3.31,,
20/08/2567   03:00   3.15,,
20/08/2567   02:00   3.26,,
20/08/2567   01:00   3.14,,
20/08/2567   00:00   3.17,,
19/08/2567   23:00   3.34,,
19/08/2567   22:00   3.65,,
19/08/2567   21:00   3.95,,
19/08/2567   20:00   4.23,,
19/08/2567   19:00   4.26,,
19/08/2567   18:00   4.06,,
19/08/2567   17:00   3.78,,
19/08/2567   16:00   3.32,,
19/08/2567   15:00   2.70,,
19/08/2567   14:00   2.05,,
19/08/2567   13:00   1.50,,
19/08/2567   12:00   1.16,,
19/08/2567   11:00   1.23,,
19/08/2567   10:00   1.38,,
19/08/2567   09:00   1.60,,
19/08/2567   08:00   1.88,,
19/08/2567   07:00   2.20,,
19/08/2567   06:00   2.55,,
19/08/2567   05:00   2.85,,
19/08/2567   04:00   3.06,,
19/08/2567   03:00   3.15,,
19/08/2567   02:00   3.11,,
19/08/2567   01:00   3.17,,
19/08/2567   00:00   3.27,,
18/08/2567   23:00   3.43,,
18/08/2567   22:00   3.64,,
18/08/2567   21:00   3.93,,
18/08/2567   20:00   4.14,,
18/08/2567   19:00   4.27,,
18/08/2567   18:00   4.20,,
18/08/2567   17:00   3.98,,
18/08/2567   16:00   3.62,,
18/08/2567   15:00   3.05,,
18/08/2567   14:00   2.40,,
18/08/2567   13:00   1.80,,
18/08/2567   12:00   1.39,,
18/08/2567   11:00   1.21,,
18/08/2567   10:00   1.25,,
18/08/2567   09:00   1.38,,
18/08/2567   08:00   1.54,,
18/08/2567   07:00   1.78,,
18/08/2567   06:00   2.10,,
18/08/2567   05:00   2.47,,
18/08/2567   04:00   2.72,,
18/08/2567   03:00   2.94,,
18/08/2567   02:00   3.02,,
18/08/2567   01:00   3.14,,
18/08/2567   00:00   3.23,,
17/08/2567   23:00   3.39,,
17/08/2567   22:00   3.48,,
17/08/2567   21:00   3.71,,
17/08/2567   20:00   3.85,,
17/08/2567   19:00   4.04,,
17/08/2567   18:00   4.05,,
17/08/2567   17:00   3.93,,
17/08/2567   16:00   3.69,,
17/08/2567   15:00   3.33,,
17/08/2567   14:00   2.93,,
17/08/2567   13:00   2.48,,
17/08/2567   12:00   2.00,,
17/08/2567   11:00   1.76,,
17/08/2567   10:00   1.53,,
17/08/2567   09:00   1.45,,
17/08/2567   08:00   1.57,,
17/08/2567   07:00   1.63,,
17/08/2567   06:00   1.87,,
17/08/2567   05:00   2.10,,
17/08/2567   04:00   2.32,,
17/08/2567   03:00   2.60,,
17/08/2567   02:00   2.75,,
17/08/2567   01:00   2.94,,
17/08/2567   00:00   3.11,,
16/08/2567   23:00   3.29,,
16/08/2567   22:00   3.43,,
16/08/2567   21:00   3.56,,
16/08/2567   20:00   3.68,,
16/08/2567   19:00   3.90,,
16/08/2567   18:00   3.94,,
16/08/2567   17:00   3.90,,
16/08/2567   16:00   3.80,,
16/08/2567   15:00   3.53,,
16/08/2567   14:00   3.25,,
16/08/2567   13:00   2.83,,
16/08/2567   12:00   2.51,,
16/08/2567   11:00   2.09,,
16/08/2567   10:00   1.78,,
16/08/2567   09:00   1.53,,
16/08/2567   08:00   1.51,,
16/08/2567   07:00   1.54,,
16/08/2567   06:00   1.72,,
16/08/2567   05:00   1.86,,
16/08/2567   04:00   2.07,,
16/08/2567   03:00   2.31,,
16/08/2567   02:00   2.59,,
16/08/2567   01:00   2.83,,
16/08/2567   00:00   3.04,,
15/08/2567   23:00   3.27,,
15/08/2567   22:00   3.42,,
15/08/2567   21:00   3.50,,
15/08/2567   20:00   3.68,,
15/08/2567   19:00   3.70,,
15/08/2567   18:00   3.74,,
15/08/2567   17:00   3.75,,
15/08/2567   16:00   3.67,,
15/08/2567   15:00   3.55,,
15/08/2567   14:00   3.38,,
15/08/2567   13:00   3.16,,
15/08/2567   12:00   2.84,,
15/08/2567   11:00   2.49,,
15/08/2567   10:00   2.22,,
15/08/2567   09:00   1.96,,
15/08/2567   08:00   1.76,,
15/08/2567   07:00   1.58,,
15/08/2567   06:00   1.57,,
15/08/2567   05:00   1.65,,
15/08/2567   04:00   1.85,,
15/08/2567   03:00   2.08,,
15/08/2567   02:00   2.37,,
15/08/2567   01:00   2.70,,
15/08/2567   00:00   2.90,,
14/08/2567   23:00   3.24,,
14/08/2567   22:00   3.35,,
14/08/2567   21:00   3.49,,
14/08/2567   20:00   3.53,,
14/08/2567   19:00   3.47,,
14/08/2567   18:00   3.51,,
14/08/2567   17:00   3.47,,
14/08/2567   16:00   3.41,,
14/08/2567   15:00   3.35,,
14/08/2567   14:00   3.28,,
14/08/2567   13:00   3.17,,
14/08/2567   12:00   3.08,,
14/08/2567   11:00   2.86,,
14/08/2567   10:00   2.64,,
14/08/2567   09:00   2.37,,
14/08/2567   08:00   2.10,,
14/08/2567   07:00   1.85,,
14/08/2567   06:00   1.64,,
14/08/2567   05:00   1.62,,
14/08/2567   04:00   1.81,,
14/08/2567   03:00   2.05,,
14/08/2567   02:00   2.25,,
14/08/2567   01:00   2.64,,
14/08/2567   00:00   2.93,,
13/08/2567   23:00   3.29,,
13/08/2567   22:00   3.42,,
13/08/2567   21:00   3.67,,
13/08/2567   20:00   3.39,,
13/08/2567   19:00   3.52,,
13/08/2567   18:00   3.27,,
13/08/2567   17:00   3.10,,
13/08/2567   16:00   3.05,,
13/08/2567   15:00   2.98,,
13/08/2567   14:00   3.04,,
13/08/2567   13:00   3.09,,
13/08/2567   12:00   3.11,,
13/08/2567   11:00   3.07,,
13/08/2567   10:00   2.96,,
13/08/2567   09:00   2.70,,
13/08/2567   08:00   2.32,,
13/08/2567   07:00   2.03,,
13/08/2567   06:00   1.72,,
13/08/2567   05:00   1.66,,
13/08/2567   04:00   1.73,,
13/08/2567   03:00   1.97,,
13/08/2567   02:00   2.22,,
13/08/2567   01:00   2.53,,
13/08/2567   00:00   3.05,,
12/08/2567   23:00   3.26,,
12/08/2567   22:00   3.65,,
12/08/2567   21:00   3.66,,
12/08/2567   20:00   3.66,,
12/08/2567   19:00   3.43,,
12/08/2567   18:00   3.07,,
12/08/2567   17:00   2.77,,
12/08/2567   16:00   2.57,,
12/08/2567   15:00   2.55,,
12/08/2567   14:00   2.64,,
12/08/2567   13:00   2.78,,
12/08/2567   12:00   2.98,,
12/08/2567   11:00   3.07,,
12/08/2567   10:00   3.14,,
12/08/2567   09:00   3.09,,
12/08/2567   08:00   2.85,,
12/08/2567   07:00   2.50,,
12/08/2567   06:00   2.14,,
12/08/2567   05:00   1.86,,
12/08/2567   04:00   1.87,,
12/08/2567   03:00   2.07,,
12/08/2567   02:00   2.30,,
12/08/2567   01:00   2.71,,
12/08/2567   00:00   3.02,,
11/08/2567   23:00   3.59,,
11/08/2567   22:00   3.79,,
11/08/2567   21:00   3.89,,
11/08/2567   20:00   3.77,,
11/08/2567   19:00   3.52,,
11/08/2567   18:00   3.12,,
11/08/2567   17:00   2.65,,
11/08/2567   16:00   2.31,,
11/08/2567   15:00   2.19,,
11/08/2567   14:00   2.18,,
11/08/2567   13:00   2.38,,
11/08/2567   12:00   2.65,,
11/08/2567   11:00   2.87,,
11/08/2567   10:00   3.04,,
11/08/2567   09:00   3.03,,
11/08/2567   08:00   2.95,,
11/08/2567   07:00   2.71,,
11/08/2567   06:00   2.30,,
11/08/2567   05:00   1.96,,
11/08/2567   04:00   1.86,,
11/08/2567   03:00   2.01,,
11/08/2567   02:00   2.20,,
11/08/2567   01:00   2.60,,
11/08/2567   00:00   3.00,,
10/08/2567   23:00   3.40,,
10/08/2567   22:00   3.66,,
10/08/2567   21:00   3.77,,
10/08/2567   20:00   3.71,,
10/08/2567   19:00   3.41,,
10/08/2567   18:00   2.95,,
10/08/2567   17:00   2.44,,
10/08/2567   16:00   2.09,,
10/08/2567   15:00   1.87,,
10/08/2567   14:00   1.89,,
10/08/2567   13:00   2.07,,
10/08/2567   12:00   2.38,,
10/08/2567   11:00   2.73,,
10/08/2567   10:00   3.00,,
10/08/2567   09:00   3.16,,
10/08/2567   08:00   3.17,,
10/08/2567   07:00   2.95,,
10/08/2567   06:00   2.65,,
10/08/2567   05:00   2.32,,
10/08/2567   04:00   2.17,,
10/08/2567   03:00   2.22,,
10/08/2567   02:00   2.38,,
10/08/2567   01:00   2.68,,
10/08/2567   00:00   3.14,,
09/08/2567   23:00   3.50,,
09/08/2567   22:00   3.86,,
09/08/2567   21:00   3.98,,
09/08/2567   20:00   3.93,,
09/08/2567   19:00   3.69,,
09/08/2567   18:00   3.28,,
09/08/2567   17:00   2.60,,
09/08/2567   16:00   2.06,,
09/08/2567   15:00   1.73,,
09/08/2567   14:00   1.65,,
09/08/2567   13:00   1.80,,
09/08/2567   12:00   2.05,,
09/08/2567   11:00   2.47,,
09/08/2567   10:00   2.92,,
09/08/2567   09:00   3.15,,
09/08/2567   08:00   3.31,,
09/08/2567   07:00   3.29,,
09/08/2567   06:00   3.05,,
09/08/2567   05:00   2.71,,
09/08/2567   04:00   2.51,,
09/08/2567   03:00   2.33,,
09/08/2567   02:00   2.50,,
09/08/2567   01:00   2.64,,
09/08/2567   00:00   3.08,,
08/08/2567   23:00   3.51,,
08/08/2567   22:00   3.84,,
08/08/2567   21:00   3.95,,
08/08/2567   20:00   3.90,,
08/08/2567   19:00   3.71,,
08/08/2567   18:00   3.21,,
08/08/2567   17:00   2.61,,
08/08/2567   16:00   1.95,,
08/08/2567   15:00   1.40,,
08/08/2567   14:00   1.33,,
08/08/2567   13:00   1.48,,
08/08/2567   12:00   1.71,,
08/08/2567   11:00   2.10,,
08/08/2567   10:00   2.44,,
08/08/2567   09:00   2.87,,
08/08/2567   08:00   3.11,,
08/08/2567   07:00   3.21,,
08/08/2567   06:00   3.21,,
08/08/2567   05:00   2.95,,
08/08/2567   04:00   2.63,,
08/08/2567   03:00   2.49,,
08/08/2567   02:00   2.49,,
08/08/2567   01:00   2.68,,
08/08/2567   00:00   2.95,,
07/08/2567   23:00   3.35,,
07/08/2567   22:00   3.71,,
07/08/2567   21:00   3.93,,
07/08/2567   20:00   3.90,,
07/08/2567   19:00   3.74,,
07/08/2567   18:00   3.40,,
07/08/2567   17:00   2.71,,
07/08/2567   16:00   2.00,,
07/08/2567   15:00   1.46,,
07/08/2567   14:00   1.26,,
07/08/2567   13:00   1.37,,
07/08/2567   12:00   1.56,,
07/08/2567   11:00   1.84,,
07/08/2567   10:00   2.19,,
07/08/2567   09:00   2.60,,
07/08/2567   08:00   2.93,,
07/08/2567   07:00   3.17,,
07/08/2567   06:00   3.25,,
07/08/2567   05:00   3.14,,
07/08/2567   04:00   2.89,,
07/08/2567   03:00   2.64,,
07/08/2567   02:00   2.65,,
07/08/2567   01:00   2.91,,
07/08/2567   00:00   3.19,,
06/08/2567   23:00   3.46,,
06/08/2567   22:00   3.87,,
06/08/2567   21:00   4.11,,
06/08/2567   20:00   4.12,,
06/08/2567   19:00   3.89,,
06/08/2567   18:00   3.54,,
06/08/2567   17:00   2.94,,
06/08/2567   16:00   2.26,,
06/08/2567   15:00   1.60,,
06/08/2567   14:00   1.11,,
06/08/2567   13:00   1.18,,
06/08/2567   12:00   1.32,,
06/08/2567   11:00   1.53,,
06/08/2567   10:00   1.83,,
06/08/2567   09:00   2.18,,
06/08/2567   08:00   2.64,,
06/08/2567   07:00   2.89,,
06/08/2567   06:00   3.15,,
06/08/2567   05:00   3.02,,
06/08/2567   04:00   2.95,,
06/08/2567   03:00   2.85,,
06/08/2567   02:00   2.78,,
06/08/2567   01:00   2.89,,
06/08/2567   00:00   3.14,,
05/08/2567   23:00   3.38,,
05/08/2567   22:00   3.74,,
05/08/2567   21:00   3.90,,
05/08/2567   20:00   4.02,,
05/08/2567   19:00   3.89,,
05/08/2567   18:00   3.59,,
05/08/2567   17:00   3.09,,
05/08/2567   16:00   2.48,,
05/08/2567   15:00   1.80,,
05/08/2567   14:00   1.23,,
05/08/2567   13:00   1.10,,
05/08/2567   12:00   1.19,,
05/08/2567   11:00   1.34,,
05/08/2567   10:00   1.53,,
05/08/2567   09:00   1.82,,
05/08/2567   08:00   2.21,,
05/08/2567   07:00   2.50,,
05/08/2567   06:00   2.68,,
05/08/2567   05:00   2.86,,
05/08/2567   04:00   2.76,,
05/08/2567   03:00   2.75,,
05/08/2567   02:00   2.69,,
05/08/2567   01:00   2.92,,
05/08/2567   00:00   2.79,,
04/08/2567   23:00   3.60,,
04/08/2567   22:00   3.64,,
04/08/2567   21:00   3.66,,
04/08/2567   19:00   4.07,,
04/08/2567   18:00   3.80,,
04/08/2567   17:00   3.39,,
04/08/2567   16:00   2.91,,
04/08/2567   15:00   2.27,,
04/08/2567   14:00   1.63,,
04/08/2567   13:00   1.19,,
04/08/2567   12:00   1.17,,
04/08/2567   11:00   1.26,,
04/08/2567   10:00   1.40,,
04/08/2567   09:00   1.61,,
04/08/2567   08:00   1.93,,
04/08/2567   07:00   2.39,,
04/08/2567   06:00   2.58,,
04/08/2567   05:00   2.85,,
04/08/2567   04:00   2.95,,
04/08/2567   03:00   3.05,,
04/08/2567   02:00   2.99,,
04/08/2567   01:00   3.07,,
04/08/2567   00:00   3.10,,
03/08/2567   23:00   3.61,,
,,
03/08/2567   22:00   3.79,,
03/08/2567   21:00   3.99,,
03/08/2567   20:00   4.20,,
03/08/2567   19:00   4.20,,
03/08/2567   18:00   4.09,,
03/08/2567   17:00   3.77,,
03/08/2567   16:00   3.35,,
03/08/2567   15:00   2.79,,
03/08/2567   14:00   2.15,,
03/08/2567   13:00   1.57,,
03/08/2567   12:00   1.20,,
03/08/2567   11:00   1.17,,
03/08/2567   10:00   1.27,,
03/08/2567   09:00   1.45,,
03/08/2567   08:00   1.67,,
03/08/2567   07:00   1.98,,
03/08/2567   06:00   2.41,,
03/08/2567   05:00   2.63,,
03/08/2567   04:00   2.80,,
03/08/2567   03:00   2.96,,
03/08/2567   02:00   3.00,,
03/08/2567   01:00   3.06,,
03/08/2567   00:00   3.17,,
02/08/2567   23:00   3.40,,
02/08/2567   22:00   3.51,,
02/08/2567   21:00   3.68,,
02/08/2567   20:00   3.94,,
02/08/2567   19:00   4.05,,
02/08/2567   18:00   3.99,,
02/08/2567   17:00   3.77,,
02/08/2567   16:00   3.44,,
02/08/2567   15:00   3.07,,
02/08/2567   14:00   2.53,,
02/08/2567   13:00   1.89,,
02/08/2567   12:00   1.46,,
02/08/2567   11:00   1.26,,
02/08/2567   10:00   1.18,,
02/08/2567   09:00   1.27,,
02/08/2567   08:00   1.44,,
02/08/2567   07:00   1.63,,
02/08/2567   06:00   1.91,,
02/08/2567   05:00   2.19,,
02/08/2567   04:00   2.43,,
02/08/2567   03:00   2.71,,
02/08/2567   02:00   3.04,,
02/08/2567   01:00   3.10,,
02/08/2567   00:00   3.27,,
01/08/2567   23:00   3.36,,
01/08/2567   22:00   3.57,,
01/08/2567   21:00   3.69,,
01/08/2567   20:00   3.80,,
01/08/2567   19:00   3.89,,
01/08/2567   18:00   3.91,,
01/08/2567   17:00   3.88,,
01/08/2567   16:00   3.64,,
01/08/2567   15:00   3.39,,
,,
01/08/2567   14:00   3.04,,
01/08/2567   13:00   2.63,,
01/08/2567   12:00   2.22,,
01/08/2567   11:00   1.79,,
01/08/2567   10:00   1.50,,
01/08/2567   09:00   1.39,,
01/08/2567   08:00   1.43,,
01/08/2567   07:00   1.52,,
01/08/2567   06:00   1.73,,
01/08/2567   05:00   2.01,,
01/08/2567   04:00   2.33,,
01/08/2567   03:00   2.61,,
01/08/2567   02:00   2.82,,
01/08/2567   01:00   3.04,,
01/08/2567   00:00   3.23,,
31/07/2567   23:00   3.37,,
31/07/2567   22:00   3.44,,
31/07/2567   21:00   3.50,,
31/07/2567   20:00   3.64,,
31/07/2567   19:00   3.74,,
31/07/2567   18:00   3.80,,
31/07/2567   17:00   3.78,,
31/07/2567   16:00   3.79,,
31/07/2567   15:00   3.58,,
31/07/2567   14:00   3.42,,
31/07/2567   13:00   3.14,,
31/07/2567   12:00   2.76,,
31/07/2567   11:00   2.29,,
31/07/2567   10:00   1.99,,
31/07/2567   09:00   1.63,,
31/07/2567   08:00   1.57,,
31/07/2567   07:00   1.51,,
31/07/2567   06:00   1.65,,
31/07/2567   05:00   1.82,,
31/07/2567   04:00   2.07,,
31/07/2567   03:00   2.44,,
31/07/2567   02:00   2.72,,
31/07/2567   01:00   3.02,,
31/07/2567   00:00   3.24,,
30/07/2567   23:00   3.48,,
30/07/2567   22:00   3.53,,
30/07/2567   21:00   3.52,,
30/07/2567   20:00   3.40,,
30/07/2567   19:00   3.36,,
30/07/2567   18:00   3.30,,
30/07/2567   17:00   3.31,,
30/07/2567   16:00   3.27,,
30/07/2567   15:00   3.29,,
30/07/2567   14:00   3.26,,
30/07/2567   13:00   3.19,,
30/07/2567   12:00   3.01,,
30/07/2567   11:00   2.82,,
30/07/2567   10:00   2.42,,
30/07/2567   09:00   2.15,,
30/07/2567   08:00   1.76,,
30/07/2567   07:00   1.52,,
,,
30/07/2567   06:00   1.50,,
30/07/2567   05:00   1.56,,
30/07/2567   04:00   1.89,,
30/07/2567   03:00   2.19,,
30/07/2567   02:00   2.46,,
30/07/2567   01:00   2.89,,
30/07/2567   00:00   3.13,,
29/07/2567   23:00   3.42,,
29/07/2567   22:00   3.60,,
29/07/2567   21:00   3.58,,
29/07/2567   20:00   3.28,,
29/07/2567   19:00   3.39,,
29/07/2567   18:00   3.11,,
29/07/2567   17:00   2.96,,
29/07/2567   16:00   2.96,,
29/07/2567   15:00   2.99,,
29/07/2567   14:00   3.11,,
29/07/2567   13:00   3.13,,
29/07/2567   12:00   3.18,,
29/07/2567   11:00   3.17,,
29/07/2567   10:00   3.00,,
29/07/2567   09:00   2.68,,
29/07/2567   08:00   2.29,,
29/07/2567   07:00   2.02,,
29/07/2567   06:00   1.66,,
29/07/2567   05:00   1.79,,
29/07/2567   04:00   1.96,,
29/07/2567   03:00   2.27,,
29/07/2567   02:00   2.63,,
29/07/2567   01:00   2.94,,
29/07/2567   00:00   3.53,,
28/07/2567   23:00   3.87,,
28/07/2567   22:00   4.01,,
28/07/2567   21:00   3.90,,
28/07/2567   20:00   3.66,,
28/07/2567   19:00   3.27,,
28/07/2567   18:00   2.88,,
28/07/2567   17:00   2.54,,
28/07/2567   16:00   2.35,,
28/07/2567   15:00   2.34,,
28/07/2567   14:00   2.62,,
28/07/2567   13:00   2.83,,
28/07/2567   12:00   3.03,,
28/07/2567   11:00   3.19,,
28/07/2567   10:00   3.21,,
28/07/2567   09:00   2.96,,
28/07/2567   08:00   2.66,,
28/07/2567   07:00   2.28,,
28/07/2567   06:00   1.95,,
28/07/2567   05:00   1.82,,
28/07/2567   04:00   1.91,,
28/07/2567   03:00   2.12,,
28/07/2567   02:00   2.65,,
28/07/2567   01:00   3.01,,
28/07/2567   00:00   3.56,,
27/07/2567   23:00   3.94,,
27/07/2567   22:00   4.03,,
27/07/2567   21:00   3.99,,
27/07/2567   20:00   3.69,,
27/07/2567   19:00   3.30,,
27/07/2567   18:00   2.68,,
27/07/2567   17:00   2.33,,
27/07/2567   16:00   1.97,,
27/07/2567   15:00   1.81,,
27/07/2567   14:00   2.01,,
27/07/2567   13:00   2.29,,
27/07/2567   12:00   2.62,,
27/07/2567   11:00   2.97,,
27/07/2567   10:00   3.20,,
27/07/2567   09:00   3.29,,
27/07/2567   08:00   3.20,,
27/07/2567   07:00   2.88,,
27/07/2567   06:00   2.54,,
27/07/2567   05:00   2.20,,
27/07/2567   04:00   2.22,,
27/07/2567   03:00   2.40,,
27/07/2567   02:00   2.62,,
27/07/2567   01:00   3.03,,
27/07/2567   00:00   3.53,,
26/07/2567   23:00   3.87,,
26/07/2567   22:00   3.99,,
26/07/2567   21:00   3.96,,
26/07/2567   20:00   3.74,,
26/07/2567   19:00   3.30,,
26/07/2567   18:00   2.57,,
26/07/2567   17:00   1.96,,
26/07/2567   16:00   1.50,,
26/07/2567   15:00   1.37,,
26/07/2567   14:00   1.51,,
26/07/2567   13:00   1.78,,
26/07/2567   12:00   2.09,,
26/07/2567   11:00   2.52,,
26/07/2567   10:00   2.90,,
26/07/2567   09:00   3.17,,
26/07/2567   08:00   3.29,,
26/07/2567   07:00   3.27,,
26/07/2567   06:00   3.04,,
26/07/2567   05:00   2.71,,
26/07/2567   04:00   2.60,,
26/07/2567   03:00   2.59,,
26/07/2567   02:00   2.85,,
26/07/2567   01:00   3.19,,
26/07/2567   00:00   3.53,,
25/07/2567   23:00   4.03,,
25/07/2567   22:00   4.07,,
25/07/2567   21:00   4.01,,
25/07/2567   20:00   3.81,,
25/07/2567   19:00   3.41,,
25/07/2567   18:00   2.78,,
25/07/2567   17:00   2.02,,
25/07/2567   16:00   1.44,,
25/07/2567   15:00   1.17,,
25/07/2567   14:00   1.24,,
25/07/2567   13:00   1.44,,
25/07/2567   12:00   1.71,,
25/07/2567   11:00   2.05,,
25/07/2567   10:00   2.56,,
25/07/2567   09:00   2.97,,
25/07/2567   08:00   3.31,,
25/07/2567   07:00   3.36,,
25/07/2567   06:00   3.32,,
25/07/2567   05:00   3.15,,
25/07/2567   04:00   2.92,,
25/07/2567   03:00   2.94,,
25/07/2567   02:00   2.95,,
25/07/2567   01:00   3.08,,
25/07/2567   00:00   3.35,,
24/07/2567   23:00   3.81,,
24/07/2567   22:00   3.98,,
24/07/2567   21:00   3.92,,
24/07/2567   20:00   3.82,,
24/07/2567   19:00   3.60,,
24/07/2567   18:00   3.08,,
24/07/2567   17:00   2.29,,
24/07/2567   16:00   1.68,,
24/07/2567   15:00   1.17,,
24/07/2567   14:00   1.12,,
24/07/2567   13:00   1.28,,
24/07/2567   12:00   1.54,,
24/07/2567   11:00   1.87,,
24/07/2567   10:00   2.08,,
24/07/2567   09:00   2.33,,
24/07/2567   08:00   2.86,,
24/07/2567   07:00   3.16,,
24/07/2567   06:00   3.32,,
24/07/2567   05:00   3.12,,
24/07/2567   04:00   3.06,,
24/07/2567   03:00   2.82,,
24/07/2567   02:00   3.05,,
24/07/2567   01:00   3.10,,
24/07/2567   00:00   3.34,,
23/07/2567   23:00   3.60,,
23/07/2567   22:00   4.02,,
23/07/2567   21:00   4.14,,
23/07/2567   20:00   3.97,,
23/07/2567   19:00   3.88,,
23/07/2567   18:00   3.46,,
23/07/2567   17:00   2.82,,
23/07/2567   16:00   1.98,,
23/07/2567   15:00   1.36,,
23/07/2567   14:00   1.10,,
23/07/2567   13:00   1.16,,
23/07/2567   12:00   1.31,,
23/07/2567   11:00   1.53,,
23/07/2567   10:00   1.81,,
23/07/2567   09:00   2.19,,
23/07/2567   08:00   2.60,,
23/07/2567   07:00   3.00,,
23/07/2567   06:00   3.24,,
23/07/2567   05:00   3.31,,
23/07/2567   04:00   3.24,,
23/07/2567   03:00   3.20,,
23/07/2567   02:00   3.22,,
23/07/2567   01:00   3.29,,
23/07/2567   00:00   3.48,,
22/07/2567   23:00   3.69,,
22/07/2567   22:00   4.05,,
22/07/2567   21:00   4.24,,
22/07/2567   20:00   4.26,,
22/07/2567   19:00   4.03,,
22/07/2567   18:00   3.70,,
22/07/2567   17:00   3.18,,
22/07/2567   16:00   2.48,,
22/07/2567   15:00   1.76,,
22/07/2567   14:00   1.08,,
22/07/2567   13:00   0.96,,
22/07/2567   12:00   1.04,,
22/07/2567   11:00   1.17,,
22/07/2567   10:00   1.37,,
22/07/2567   09:00   1.63,,
22/07/2567   08:00   2.10,,
22/07/2567   07:00   2.46,,
22/07/2567   06:00   2.77,,
22/07/2567   05:00   2.96,,
22/07/2567   04:00   3.08,,
22/07/2567   03:00   3.08,,
22/07/2567   02:00   3.03,,
22/07/2567   01:00   3.07,,
22/07/2567   00:00   3.18,,
21/07/2567   23:00   3.43,,
21/07/2567   22:00   3.62,,
21/07/2567   21:00   3.91,,
21/07/2567   20:00   4.04,,
21/07/2567   19:00   4.05,,
21/07/2567   18:00   3.90,,
21/07/2567   17:00   3.50,,
21/07/2567   16:00   2.94,,
21/07/2567   15:00   2.28,,
21/07/2567   14:00   1.70,,
21/07/2567   13:00   1.16,,
21/07/2567   12:00   1.04,,
21/07/2567   11:00   1.17,,
21/07/2567   10:00   1.33,,
21/07/2567   09:00   1.58,,
21/07/2567   08:00   1.81,,
21/07/2567   07:00   2.22,,
21/07/2567   06:00   2.53,,
21/07/2567   05:00   2.82,,
21/07/2567   04:00   3.00,,
21/07/2567   03:00   3.00,,
21/07/2567   02:00   3.13,,
21/07/2567   01:00   3.28,,
21/07/2567   00:00   3.37,,
20/07/2567   23:00   3.51,,
20/07/2567   22:00   3.70,,
20/07/2567   21:00   3.96,,
20/07/2567   20:00   4.14,,
20/07/2567   19:00   4.20,,
20/07/2567   18:00   4.06,,
20/07/2567   17:00   3.85,,
20/07/2567   16:00   3.32,,
20/07/2567   15:00   2.81,,
20/07/2567   14:00   2.15,,
20/07/2567   13:00   1.65,,
20/07/2567   12:00   1.28,,
20/07/2567   11:00   1.19,,
20/07/2567   10:00   1.31,,
20/07/2567   09:00   1.47,,
20/07/2567   08:00   1.58,,
20/07/2567   07:00   1.87,,
20/07/2567   06:00   2.27,,
20/07/2567   05:00   2.50,,
20/07/2567   04:00   2.75,,
20/07/2567   03:00   3.00,,
20/07/2567   02:00   3.04,,
20/07/2567   01:00   3.17,,
20/07/2567   00:00   3.25,,
19/07/2567   23:00   3.38,,
19/07/2567   22:00   3.50,,
19/07/2567   21:00   3.63,,
19/07/2567   20:00   3.84,,
19/07/2567   19:00   3.89,,
19/07/2567   18:00   3.94,,
19/07/2567   17:00   3.79,,
19/07/2567   16:00   3.56,,
19/07/2567   15:00   3.20,,
19/07/2567   14:00   2.72,,
19/07/2567   13:00   2.30,,
19/07/2567   12:00   1.83,,
19/07/2567   11:00   1.69,,
19/07/2567   10:00   1.47,,
19/07/2567   09:00   1.45,,
19/07/2567   08:00   1.61,,
19/07/2567   07:00   1.85,,
19/07/2567   06:00   2.16,,
19/07/2567   05:00   2.33,,
19/07/2567   04:00   2.49,,
19/07/2567   03:00   2.73,,
19/07/2567   02:00   2.94,,
19/07/2567   01:00   3.17,,
19/07/2567   00:00   3.27,,
18/07/2567   23:00   3.37,,
18/07/2567   22:00   3.58,,
18/07/2567   21:00   3.79,,
18/07/2567   20:00   3.78,,
18/07/2567   19:00   3.81,,
18/07/2567   18:00   3.77,,
18/07/2567   17:00   3.75,,
18/07/2567   16:00   3.45,,
18/07/2567   15:00   3.16,,
18/07/2567   14:00   3.00,,
18/07/2567   13:00   2.62,,
18/07/2567   12:00   2.24,,
18/07/2567   11:00   1.80,,
18/07/2567   10:00   1.61,,
18/07/2567   09:00   1.44,,
18/07/2567   08:00   1.33,,
18/07/2567   07:00   1.42,,
18/07/2567   06:00   1.65,,
18/07/2567   05:00   1.85,,
18/07/2567   04:00   2.13,,
18/07/2567   03:00   2.49,,
18/07/2567   02:00   2.88,,
18/07/2567   01:00   3.12,,
18/07/2567   00:00   3.28,,
17/07/2567   23:00   3.40,,
17/07/2567   22:00   3.58,,
17/07/2567   21:00   3.60,,
17/07/2567   20:00   3.55,,
17/07/2567   19:00   3.32,,
17/07/2567   18:00   3.58,,
17/07/2567   17:00   3.27,,
17/07/2567   16:00   3.15,,
17/07/2567   15:00   3.03,,
17/07/2567   14:00   2.91,,
17/07/2567   13:00   2.75,,
17/07/2567   12:00   2.52,,
17/07/2567   11:00   2.18,,
17/07/2567   10:00   1.96,,
17/07/2567   09:00   2.01,,
17/07/2567   08:00   1.76,,
17/07/2567   07:00   1.66,,
17/07/2567   06:00   1.79,,
17/07/2567   05:00   1.93,,
17/07/2567   04:00   2.19,,
17/07/2567   03:00   2.58,,
17/07/2567   02:00   2.89,,
17/07/2567   01:00   3.28,,
17/07/2567   00:00   3.35,,
16/07/2567   23:00   3.37,,
16/07/2567   22:00   3.46,,
16/07/2567   21:00   3.39,,
16/07/2567   20:00   3.29,,
16/07/2567   19:00   3.13,,
16/07/2567   18:00   3.04,,
16/07/2567   17:00   3.05,,
16/07/2567   16:00   2.98,,
16/07/2567   14:00   2.90,,
16/07/2567   13:00   2.79,,
16/07/2567   12:00   2.62,,
16/07/2567   11:00   2.42,,
16/07/2567   10:00   2.29,,
16/07/2567   09:00   2.05,,
16/07/2567   08:00   1.75,,
16/07/2567   07:00   1.73,,
16/07/2567   06:00   1.96,,
16/07/2567   05:00   1.99,,
,,
16/07/2567   04:00   2.18,,
16/07/2567   03:00   2.50,,
16/07/2567   02:00   2.94,,
16/07/2567   01:00   3.10,,
16/07/2567   00:00   3.44,,
15/07/2567   23:00   3.47,,
15/07/2567   22:00   3.41,,
15/07/2567   21:00   3.48,,
15/07/2567   20:00   3.12,,
15/07/2567   19:00   2.74,,
15/07/2567   18:00   2.67,,
15/07/2567   17:00   2.61,,
15/07/2567   16:00   2.56,,
15/07/2567   15:00   2.57,,
15/07/2567   14:00   2.57,,
15/07/2567   13:00   2.86,,
15/07/2567   12:00   2.77,,
15/07/2567   11:00   2.70,,
15/07/2567   10:00   2.40,,
15/07/2567   09:00   2.31,,
15/07/2567   08:00   2.00,,
15/07/2567   07:00   1.83,,
15/07/2567   06:00   1.73,,
15/07/2567   05:00   1.74,,
15/07/2567   04:00   1.92,,
15/07/2567   03:00   2.23,,
15/07/2567   02:00   2.57,,
15/07/2567   01:00   2.85,,
15/07/2567   00:00   3.22,,
14/07/2567   23:00   3.44,,
14/07/2567   22:00   3.49,,
14/07/2567   21:00   3.46,,
14/07/2567   20:00   3.27,,
14/07/2567   19:00   3.15,,
14/07/2567   18:00   2.68,,
14/07/2567   17:00   2.48,,
14/07/2567   16:00   2.19,,
14/07/2567   15:00   2.17,,
14/07/2567   14:00   2.29,,
14/07/2567   13:00   2.47,,
14/07/2567   12:00   2.75,,
14/07/2567   11:00   2.81,,
14/07/2567   10:00   2.84,,
14/07/2567   09:00   2.67,,
14/07/2567   08:00   2.53,,
14/07/2567   07:00   2.11,,
14/07/2567   06:00   2.18,,
14/07/2567   05:00   1.97,,
14/07/2567   04:00   2.18,,
14/07/2567   03:00   2.43,,
14/07/2567   02:00   2.85,,
14/07/2567   01:00   3.21,,
14/07/2567   00:00   3.49,,
13/07/2567   23:00   3.65,,
13/07/2567   22:00   3.88,,
13/07/2567   21:00   3.68,,
,,
13/07/2567   20:00   3.36,,
13/07/2567   19:00   2.97,,
13/07/2567   18:00   2.46,,
13/07/2567   17:00   1.97,,
13/07/2567   16:00   1.63,,
13/07/2567   15:00   1.66,,
13/07/2567   14:00   1.88,,
13/07/2567   13:00   2.19,,
13/07/2567   12:00   2.42,,
13/07/2567   11:00   2.63,,
13/07/2567   10:00   2.82,,
13/07/2567   09:00   2.79,,
13/07/2567   08:00   2.63,,
13/07/2567   07:00   2.33,,
13/07/2567   06:00   2.15,,
13/07/2567   05:00   2.05,,
13/07/2567   04:00   2.15,,
13/07/2567   03:00   2.21,,
13/07/2567   02:00   2.47,,
13/07/2567   01:00   2.95,,
13/07/2567   00:00   3.35,,
12/07/2567   23:00   3.57,,
12/07/2567   22:00   3.78,,
12/07/2567   21:00   3.70,,
12/07/2567   20:00   3.35,,
12/07/2567   19:00   2.91,,
12/07/2567   18:00   2.35,,
12/07/2567   17:00   1.84,,
12/07/2567   16:00   1.53,,
12/07/2567   15:00   1.36,,
12/07/2567   14:00   1.46,,
12/07/2567   13:00   1.79,,
12/07/2567   12:00   2.14,,
12/07/2567   11:00   2.36,,
12/07/2567   10:00   2.72,,
12/07/2567   09:00   2.92,,
12/07/2567   08:00   2.98,,
12/07/2567   07:00   2.91,,
12/07/2567   06:00   2.72,,
12/07/2567   05:00   2.47,,
12/07/2567   04:00   2.51,,
12/07/2567   03:00   2.50,,
12/07/2567   02:00   2.64,,
12/07/2567   01:00   2.94,,
12/07/2567   00:00   3.35,,
11/07/2567   23:00   3.62,,
11/07/2567   22:00   3.79,,
11/07/2567   21:00   3.67,,
11/07/2567   20:00   3.67,,
11/07/2567   19:00   3.11,,
11/07/2567   18:00   2.55,,
11/07/2567   17:00   1.87,,
11/07/2567   16:00   1.42,,
11/07/2567   15:00   1.22,,
11/07/2567   14:00   1.29,,
11/07/2567   13:00   1.48,,
,,
11/07/2567   12:00   1.71,,
11/07/2567   11:00   2.06,,
11/07/2567   10:00   2.59,,
11/07/2567   09:00   2.80,,
11/07/2567   08:00   2.80,,
11/07/2567   07:00   2.92,,
11/07/2567   06:00   2.78,,
11/07/2567   05:00   2.74,,
11/07/2567   04:00   2.56,,
11/07/2567   03:00   2.53,,
11/07/2567   02:00   2.78,,
11/07/2567   01:00   3.21,,
11/07/2567   00:00   3.52,,
10/07/2567   23:00   3.78,,
10/07/2567   22:00   3.86,,
10/07/2567   21:00   3.94,,
10/07/2567   20:00   3.66,,
10/07/2567   19:00   3.18,,
10/07/2567   18:00   2.56,,
10/07/2567   17:00   1.92,,
10/07/2567   16:00   1.29,,
10/07/2567   15:00   1.10,,
10/07/2567   14:00   1.21,,
10/07/2567   13:00   1.41,,
10/07/2567   12:00   1.65,,
10/07/2567   11:00   2.00,,
10/07/2567   10:00   2.36,,
10/07/2567   09:00   2.87,,
10/07/2567   08:00   3.10,,
10/07/2567   07:00   3.18,,
10/07/2567   06:00   3.27,,
10/07/2567   05:00   3.04,,
10/07/2567   04:00   2.79,,
10/07/2567   03:00   2.83,,
10/07/2567   02:00   2.97,,
10/07/2567   01:00   3.13,,
10/07/2567   00:00   3.43,,
09/07/2567   23:00   3.77,,
09/07/2567   22:00   4.07,,
09/07/2567   21:00   4.04,,
09/07/2567   20:00   3.86,,
09/07/2567   19:00   3.43,,
09/07/2567   18:00   2.83,,
09/07/2567   17:00   2.20,,
09/07/2567   16:00   1.57,,
09/07/2567   15:00   1.09,,
09/07/2567   14:00   1.11,,
09/07/2567   13:00   1.25,,
09/07/2567   12:00   1.45,,
09/07/2567   11:00   1.71,,
09/07/2567   10:00   2.03,,
09/07/2567   09:00   2.47,,
09/07/2567   08:00   2.89,,
09/07/2567   07:00   3.11,,
09/07/2567   06:00   3.23,,
09/07/2567   05:00   3.24,,
09/07/2567   04:00   3.09,,
09/07/2567   03:00   3.07,,
09/07/2567   02:00   3.02,,
09/07/2567   01:00   3.30,,
09/07/2567   00:00   3.52,,
08/07/2567   23:00   3.84,,
08/07/2567   22:00   4.07,,
08/07/2567   21:00   4.11,,
08/07/2567   20:00   3.93,,
08/07/2567   19:00   3.65,,
08/07/2567   18:00   3.17,,
08/07/2567   17:00   2.50,,
08/07/2567   16:00   1.82,,
08/07/2567   15:00   1.19,,
08/07/2567   14:00   1.00,,
08/07/2567   13:00   1.10,,
08/07/2567   12:00   1.26,,
08/07/2567   11:00   1.50,,
08/07/2567   10:00   1.79,,
08/07/2567   09:00   2.23,,
08/07/2567   08:00   2.54,,
08/07/2567   07:00   2.85,,
08/07/2567   06:00   3.12,,
08/07/2567   05:00   3.27,,
08/07/2567   04:00   3.16,,
08/07/2567   03:00   3.03,,
08/07/2567   02:00   3.13,,
08/07/2567   01:00   3.24,,
08/07/2567   00:00   3.44,,
07/07/2567   23:00   3.66,,
07/07/2567   22:00   3.92,,
07/07/2567   21:00   4.10,,
07/07/2567   20:00   4.07,,
07/07/2567   19:00   3.86,,
07/07/2567   18:00   3.46,,
07/07/2567   17:00   2.80,,
07/07/2567   16:00   2.12,,
07/07/2567   15:00   1.48,,
07/07/2567   14:00   1.00,,
07/07/2567   13:00   1.02,,
07/07/2567   12:00   1.15,,
07/07/2567   11:00   1.31,,
07/07/2567   10:00   1.54,,
07/07/2567   09:00   1.86,,
07/07/2567   08:00   2.24,,
07/07/2567   07:00   2.58,,
07/07/2567   06:00   2.94,,
07/07/2567   05:00   3.08,,
07/07/2567   04:00   3.15,,
07/07/2567   03:00   3.07,,
07/07/2567   02:00   3.12,,
07/07/2567   01:00   3.20,,
07/07/2567   00:00   3.44,,
06/07/2567   23:00   3.64,,
06/07/2567   22:00   3.97,,
06/07/2567   21:00   4.05,,
06/07/2567   20:00   4.25,,
06/07/2567   19:00   3.98,,
06/07/2567   18:00   3.62,,
06/07/2567   17:00   3.10,,
06/07/2567   16:00   2.44,,
06/07/2567   15:00   1.67,,
06/07/2567   14:00   1.06,,
06/07/2567   13:00   0.88,,
06/07/2567   12:00   0.96,,
06/07/2567   11:00   1.08,,
06/07/2567   10:00   1.25,,
06/07/2567   09:00   1.54,,
06/07/2567   08:00   1.86,,
06/07/2567   07:00   2.18,,
06/07/2567   06:00   2.52,,
06/07/2567   05:00   2.74,,
06/07/2567   04:00   2.95,,
06/07/2567   03:00   2.98,,
06/07/2567   02:00   2.98,,
06/07/2567   01:00   3.05,,
06/07/2567   00:00   3.12,,
05/07/2567   23:00   3.35,,
05/07/2567   22:00   3.62,,
05/07/2567   21:00   3.93,,
05/07/2567   20:00   4.06,,
05/07/2567   19:00   4.08,,
05/07/2567   18:00   3.89,,
05/07/2567   17:00   3.61,,
05/07/2567   16:00   3.12,,
05/07/2567   15:00   2.52,,
05/07/2567   14:00   1.86,,
05/07/2567   13:00   1.33,,
05/07/2567   12:00   0.95,,
05/07/2567   11:00   1.01,,
05/07/2567   10:00   1.14,,
05/07/2567   09:00   1.32,,
05/07/2567   08:00   1.55,,
05/07/2567   07:00   1.81,,
05/07/2567   06:00   2.12,,
05/07/2567   05:00   2.47,,
05/07/2567   04:00   2.83,,
05/07/2567   03:00   2.92,,
05/07/2567   02:00   3.14,,
05/07/2567   01:00   3.07,,
05/07/2567   00:00   3.45,,
04/07/2567   23:00   3.34,,
04/07/2567   22:00   3.47,,
04/07/2567   21:00   3.72,,
04/07/2567   20:00   3.84,,
04/07/2567   19:00   4.04,,
04/07/2567   18:00   4.00,,
04/07/2567   17:00   3.79,,
04/07/2567   16:00   3.55,,
04/07/2567   15:00   3.09,,
04/07/2567   14:00   2.45,,
04/07/2567   13:00   1.84,,
04/07/2567   12:00   1.28,,
04/07/2567   11:00   1.11,,
04/07/2567   10:00   1.11,,
04/07/2567   09:00   1.23,,
04/07/2567   08:00   1.42,,
04/07/2567   07:00   1.70,,
04/07/2567   06:00   2.00,,
04/07/2567   05:00   2.36,,
04/07/2567   04:00   2.67,,
04/07/2567   03:00   2.99,,
04/07/2567   02:00   3.15,,
04/07/2567   01:00   3.20,,
04/07/2567   00:00   3.20,,
03/07/2567   23:00   3.20,,
03/07/2567   22:00   3.26,,
03/07/2567   20:00   3.53,,
03/07/2567   19:00   3.60,,
03/07/2567   18:00   3.70,,
03/07/2567   17:00   3.71,,
03/07/2567   16:00   3.60,,
03/07/2567   15:00   3.33,,
03/07/2567   14:00   3.00,,
03/07/2567   13:00   2.61,,
03/07/2567   12:00   2.14,,
03/07/2567   11:00   1.66,,
03/07/2567   10:00   1.37,,
03/07/2567   09:00   1.26,,
03/07/2567   08:00   1.38,,
03/07/2567   07:00   1.60,,
03/07/2567   06:00   1.89,,
03/07/2567   05:00   2.24,,
03/07/2567   04:00   2.63,,
03/07/2567   03:00   2.99,,
03/07/2567   02:00   3.29,,
03/07/2567   01:00   3.58,,
03/07/2567   00:00   3.70,,
02/07/2567   23:00   3.63,,
02/07/2567   22:00   3.54,,
02/07/2567   21:00   3.38,,
02/07/2567   20:00   3.31,,
02/07/2567   19:00   3.35,,
02/07/2567   18:00   3.38,,
02/07/2567   17:00   3.46,,
02/07/2567   16:00   3.48,,
02/07/2567   15:00   3.37,,
02/07/2567   14:00   3.18,,
02/07/2567   13:00   2.88,,
02/07/2567   12:00   2.49,,
02/07/2567   11:00   1.94,,
02/07/2567   10:00   1.54,,
02/07/2567   09:00   1.23,,
02/07/2567   08:00   1.23,,
02/07/2567   07:00   1.37,,
02/07/2567   06:00   1.58,,
02/07/2567   05:00   1.87,,
02/07/2567   04:00   2.25,,
02/07/2567   03:00   2.66,,
02/07/2567   02:00   2.92,,
02/07/2567   01:00   3.24,,
02/07/2567   00:00   3.25,,
01/07/2567   23:00   3.28,,
01/07/2567   22:00   3.05,,
01/07/2567   21:00   2.89,,
01/07/2567   20:00   2.64,,
01/07/2567   19:00   2.54,,
01/07/2567   18:00   2.46,,
01/07/2567   17:00   2.59,,
01/07/2567   16:00   2.72,,
01/07/2567   15:00   2.78,,
01/07/2567   14:00   2.77,,
01/07/2567   13:00   2.72,,
01/07/2567   12:00   2.46,,
01/07/2567   11:00   2.20,,
01/07/2567   10:00   1.96,,
01/07/2567   09:00   1.67,,
01/07/2567   08:00   1.51,,
01/07/2567   07:00   1.58,,
01/07/2567   06:00   1.73,,
01/07/2567   05:00   2.03,,
01/07/2567   04:00   2.31,,
01/07/2567   03:00   2.69,,
01/07/2567   02:00   3.18,,
01/07/2567   01:00   3.48,,
01/07/2567   00:00   3.56,,
30/06/2567   23:00   3.70,,
30/06/2567   22:00   3.24,,
30/06/2567   21:00   3.36,,
30/06/2567   20:00   2.98,,
30/06/2567   19:00   2.65,,
30/06/2567   18:00   2.25,,
30/06/2567   17:00   2.02,,
30/06/2567   16:00   2.16,,
30/06/2567   15:00   2.30,,
30/06/2567   14:00   2.53,,
30/06/2567   13:00   2.64,,
30/06/2567   12:00   2.72,,
30/06/2567   11:00   2.88,,
30/06/2567   10:00   2.68,,
30/06/2567   09:00   2.43,,
30/06/2567   08:00   2.23,,
30/06/2567   07:00   2.02,,
30/06/2567   06:00   2.07,,
30/06/2567   05:00   2.25,,
30/06/2567   04:00   2.47,,
30/06/2567   03:00   2.83,,
30/06/2567   02:00   3.28,,
30/06/2567   01:00   3.63,,
30/06/2567   00:00   3.88,,
29/06/2567   23:00   3.97,,
29/06/2567   22:00   3.79,,
29/06/2567   21:00   3.49,,
29/06/2567   20:00   2.99,,
29/06/2567   19:00   2.49,,
29/06/2567   18:00   2.00,,
29/06/2567   17:00   1.71,,
29/06/2567   16:00   1.68,,
29/06/2567   15:00   1.87,,
29/06/2567   14:00   2.08,,
29/06/2567   13:00   2.34,,
29/06/2567   12:00   2.67,,
29/06/2567   11:00   2.89,,
29/06/2567   10:00   3.09,,
29/06/2567   09:00   2.90,,
29/06/2567   08:00   2.75,,
29/06/2567   07:00   2.47,,
29/06/2567   06:00   2.33,,
29/06/2567   05:00   2.41,,
29/06/2567   04:00   2.49,,
29/06/2567   03:00   2.79,,
29/06/2567   02:00   3.24,,
29/06/2567   01:00   3.57,,
29/06/2567   00:00   3.88,,
28/06/2567   23:00   3.99,,
28/06/2567   22:00   3.89,,
28/06/2567   21:00   3.58,,
28/06/2567   20:00   3.06,,
28/06/2567   19:00   2.51,,
28/06/2567   18:00   1.97,,
28/06/2567   17:00   1.54,,
28/06/2567   16:00   1.34,,
28/06/2567   15:00   1.40,,
28/06/2567   14:00   1.61,,
28/06/2567   13:00   1.85,,
28/06/2567   12:00   2.22,,
28/06/2567   11:00   2.49,,
28/06/2567   10:00   2.81,,
28/06/2567   09:00   2.92,,
28/06/2567   08:00   2.94,,
28/06/2567   07:00   2.87,,
28/06/2567   06:00   2.78,,
28/06/2567   05:00   2.79,,
28/06/2567   04:00   2.88,,
28/06/2567   03:00   3.01,,
28/06/2567   02:00   3.31,,
28/06/2567   01:00   3.69,,
28/06/2567   00:00   3.93,,
27/06/2567   23:00   4.07,,
27/06/2567   22:00   3.91,,
27/06/2567   21:00   3.69,,
27/06/2567   20:00   3.31,,
27/06/2567   19:00   2.69,,
27/06/2567   18:00   2.03,,
27/06/2567   17:00   1.47,,
27/06/2567   16:00   1.14,,
27/06/2567   15:00   1.19,,
27/06/2567   14:00   1.38,,
27/06/2567   13:00   1.64,,
27/06/2567   12:00   1.95,,
27/06/2567   11:00   2.28,,
,,
27/06/2567   10:00   2.65,,
27/06/2567   09:00   2.96,,
27/06/2567   08:00   3.15,,
27/06/2567   07:00   3.16,,
27/06/2567   06:00   3.07,,
27/06/2567   05:00   3.02,,
27/06/2567   04:00   3.06,,
27/06/2567   03:00   3.09,,
27/06/2567   02:00   3.29,,
27/06/2567   01:00   3.50,,
27/06/2567   00:00   3.81,,
26/06/2567   23:00   4.03,,
26/06/2567   22:00   4.01,,
26/06/2567   21:00   3.85,,
26/06/2567   20:00   3.50,,
26/06/2567   19:00   3.01,,
26/06/2567   18:00   2.37,,
26/06/2567   17:00   1.57,,
26/06/2567   16:00   1.09,,
26/06/2567   15:00   1.09,,
26/06/2567   14:00   1.22,,
26/06/2567   13:00   1.44,,
26/06/2567   12:00   1.73,,
26/06/2567   11:00   2.08,,
26/06/2567   10:00   2.44,,
26/06/2567   09:00   2.80,,
26/06/2567   08:00   3.14,,
26/06/2567   07:00   3.25,,
26/06/2567   06:00   3.41,,
26/06/2567   05:00   3.18,,
26/06/2567   04:00   3.20,,
26/06/2567   03:00   3.07,,
26/06/2567   02:00   3.03,,
26/06/2567   01:00   3.33,,
26/06/2567   00:00   3.58,,
25/06/2567   23:00   3.81,,
25/06/2567   22:00   4.11,,
25/06/2567   21:00   3.68,,
25/06/2567   20:00   4.09,,
25/06/2567   19:00   3.33,,
25/06/2567   18:00   2.69,,
25/06/2567   17:00   2.07,,
25/06/2567   16:00   1.94,,
25/06/2567   15:00   1.03,,
25/06/2567   14:00   1.08,,
25/06/2567   13:00   1.26,,
25/06/2567   12:00   1.51,,
25/06/2567   11:00   1.84,,
25/06/2567   10:00   2.16,,
25/06/2567   09:00   2.49,,
25/06/2567   08:00   2.85,,
25/06/2567   07:00   3.12,,
25/06/2567   06:00   3.28,,
25/06/2567   05:00   3.12,,
25/06/2567   04:00   3.09,,
25/06/2567   03:00   3.03,,
,,
25/06/2567   02:00   3.28,,
25/06/2567   01:00   3.28,,
25/06/2567   00:00   3.62,,
24/06/2567   23:00   3.97,,
24/06/2567   22:00   4.32,,
24/06/2567   21:00   4.34,,
24/06/2567   20:00   4.11,,
24/06/2567   19:00   3.83,,
24/06/2567   18:00   3.39,,
24/06/2567   17:00   2.57,,
24/06/2567   16:00   1.81,,
24/06/2567   15:00   1.23,,
24/06/2567   14:00   0.97,,
24/06/2567   13:00   1.07,,
24/06/2567   12:00   1.24,,
24/06/2567   11:00   1.50,,
24/06/2567   10:00   1.81,,
24/06/2567   09:00   2.12,,
24/06/2567   08:00   2.51,,
24/06/2567   07:00   2.93,,
24/06/2567   06:00   3.23,,
24/06/2567   05:00   3.22,,
24/06/2567   04:00   3.21,,
24/06/2567   03:00   3.10,,
24/06/2567   02:00   3.11,,
24/06/2567   01:00   3.03,,
24/06/2567   00:00   3.35,,
23/06/2567   23:00   3.63,,
23/06/2567   22:00   3.87,,
23/06/2567   21:00   4.17,,
23/06/2567   20:00   4.00,,
23/06/2567   19:00   3.95,,
23/06/2567   18:00   3.50,,
23/06/2567   17:00   2.84,,
23/06/2567   16:00   2.00,,
23/06/2567   15:00   1.34,,
23/06/2567   14:00   0.87,,
23/06/2567   13:00   0.91,,
23/06/2567   12:00   1.01,,
23/06/2567   11:00   1.17,,
23/06/2567   10:00   1.39,,
23/06/2567   09:00   1.71,,
23/06/2567   08:00   2.10,,
23/06/2567   07:00   2.50,,
23/06/2567   06:00   2.80,,
23/06/2567   05:00   3.09,,
23/06/2567   04:00   3.13,,
23/06/2567   03:00   3.05,,
23/06/2567   02:00   3.04,,
23/06/2567   01:00   3.01,,
23/06/2567   00:00   3.09,,
22/06/2567   23:00   3.34,,
22/06/2567   22:00   3.65,,
22/06/2567   21:00   3.96,,
22/06/2567   20:00   4.04,,
22/06/2567   19:00   3.94,,
,,
22/06/2567   18:00   3.68,,
22/06/2567   17:00   3.23,,
22/06/2567   16:00   2.58,,
22/06/2567   15:00   1.88,,
22/06/2567   14:00   1.27,,
22/06/2567   13:00   0.89,,
22/06/2567   12:00   0.95,,
22/06/2567   11:00   1.10,,
22/06/2567   10:00   1.29,,
22/06/2567   09:00   1.55,,
22/06/2567   08:00   1.82,,
22/06/2567   07:00   2.23,,
22/06/2567   06:00   2.49,,
22/06/2567   05:00   2.69,,
22/06/2567   04:00   2.86,,
22/06/2567   03:00   2.87,,
22/06/2567   02:00   2.85,,
22/06/2567   01:00   2.83,,
22/06/2567   00:00   2.89,,
21/06/2567   23:00   3.22,,
21/06/2567   22:00   3.52,,
21/06/2567   21:00   3.68,,
21/06/2567   20:00   3.87,,
21/06/2567   19:00   3.95,,
21/06/2567   18:00   3.75,,
21/06/2567   17:00   3.48,,
21/06/2567   16:00   2.96,,
21/06/2567   15:00   2.31,,
21/06/2567   14:00   1.65,,
21/06/2567   13:00   1.07,,
21/06/2567   12:00   0.91,,
21/06/2567   11:00   1.00,,
21/06/2567   10:00   1.16,,
21/06/2567   09:00   1.38,,
21/06/2567   08:00   1.62,,
21/06/2567   07:00   1.96,,
21/06/2567   06:00   2.25,,
21/06/2567   05:00   2.52,,
21/06/2567   04:00   2.64,,
21/06/2567   03:00   2.75,,
21/06/2567   02:00   2.78,,
21/06/2567   01:00   2.65,,
21/06/2567   00:00   2.63,,
20/06/2567   23:00   2.97,,
20/06/2567   22:00   3.01,,
20/06/2567   21:00   3.25,,
20/06/2567   20:00   3.50,,
20/06/2567   19:00   3.60,,
20/06/2567   18:00   3.62,,
20/06/2567   17:00   3.42,,
20/06/2567   16:00   3.08,,
20/06/2567   15:00   2.57,,
20/06/2567   14:00   2.05,,
20/06/2567   13:00   1.53,,
20/06/2567   12:00   1.15,,
20/06/2567   11:00   1.10,,
20/06/2567   10:00   1.17,,
20/06/2567   09:00   1.33,,
20/06/2567   08:00   1.57,,
20/06/2567   07:00   1.79,,
20/06/2567   06:00   2.11,,
20/06/2567   05:00   2.36,,
20/06/2567   04:00   2.61,,
20/06/2567   03:00   2.84,,
20/06/2567   02:00   2.93,,
20/06/2567   01:00   2.96,,
20/06/2567   00:00   2.88,,
19/06/2567   23:00   3.01,,
19/06/2567   22:00   3.05,,
19/06/2567   21:00   3.19,,
19/06/2567   20:00   3.34,,
19/06/2567   19:00   3.50,,
19/06/2567   18:00   3.62,,
19/06/2567   17:00   3.52,,
19/06/2567   16:00   3.28,,
19/06/2567   15:00   3.00,,
19/06/2567   14:00   2.59,,
19/06/2567   13:00   2.22,,
19/06/2567   12:00   1.72,,
19/06/2567   11:00   1.36,,
19/06/2567   10:00   1.29,,
19/06/2567   09:00   1.33,,
19/06/2567   08:00   1.52,,
19/06/2567   07:00   1.76,,
19/06/2567   06:00   2.08,,
19/06/2567   05:00   2.39,,
19/06/2567   04:00   2.76,,
19/06/2567   03:00   3.02,,
19/06/2567   02:00   3.18,,
19/06/2567   01:00   3.20,,
19/06/2567   00:00   3.10,,
18/06/2567   23:00   3.08,,
18/06/2567   22:00   2.95,,
18/06/2567   21:00   2.97,,
18/06/2567   20:00   2.96,,
18/06/2567   19:00   2.98,,
18/06/2567   18:00   3.16,,
18/06/2567   17:00   3.19,,
18/06/2567   16:00   3.09,,
18/06/2567   15:00   2.92,,
18/06/2567   14:00   2.71,,
18/06/2567   13:00   2.44,,
18/06/2567   12:00   1.97,,
18/06/2567   11:00   1.70,,
18/06/2567   10:00   1.52,,
18/06/2567   09:00   1.43,,
18/06/2567   08:00   1.51,,
18/06/2567   07:00   1.65,,
18/06/2567   06:00   1.92,,
18/06/2567   05:00   2.24,,
18/06/2567   04:00   2.58,,
18/06/2567   03:00   2.86,,
18/06/2567   02:00   3.06,,
18/06/2567   01:00   3.31,,
18/06/2567   00:00   3.21,,
17/06/2567   23:00   3.19,,
17/06/2567   22:00   2.99,,
17/06/2567   21:00   3.01,,
17/06/2567   20:00   2.91,,
17/06/2567   19:00   2.80,,
17/06/2567   18:00   2.90,,
17/06/2567   17:00   2.88,,
17/06/2567   16:00   2.85,,
17/06/2567   15:00   2.77,,
17/06/2567   14:00   2.67,,
17/06/2567   13:00   2.56,,
17/06/2567   12:00   2.34,,
17/06/2567   11:00   1.93,,
17/06/2567   10:00   1.84,,
17/06/2567   09:00   1.70,,
17/06/2567   08:00   1.69,,
17/06/2567   07:00   1.78,,
17/06/2567   06:00   1.96,,
17/06/2567   05:00   2.24,,
17/06/2567   04:00   2.65,,
17/06/2567   03:00   2.98,,
17/06/2567   02:00   3.19,,
17/06/2567   01:00   3.31,,
17/06/2567   00:00   3.44,,
16/06/2567   23:00   3.43,,
16/06/2567   22:00   3.24,,
16/06/2567   21:00   3.09,,
16/06/2567   20:00   3.03,,
16/06/2567   19:00   2.78,,
16/06/2567   18:00   2.63,,
16/06/2567   17:00   2.46,,
16/06/2567   16:00   2.44,,
16/06/2567   15:00   2.38,,
16/06/2567   14:00   2.42,,
16/06/2567   13:00   2.32,,
16/06/2567   12:00   2.25,,
16/06/2567   11:00   2.19,,
16/06/2567   10:00   2.12,,
16/06/2567   09:00   1.99,,
16/06/2567   08:00   2.02,,
16/06/2567   07:00   2.05,,
16/06/2567   06:00   2.22,,
16/06/2567   05:00   2.41,,
16/06/2567   04:00   2.68,,
16/06/2567   03:00   2.99,,
16/06/2567   02:00   3.29,,
16/06/2567   01:00   3.48,,
16/06/2567   00:00   3.65,,
15/06/2567   23:00   3.55,,
15/06/2567   22:00   3.49,,
15/06/2567   21:00   3.22,,
15/06/2567   20:00   2.87,,
15/06/2567   19:00   2.49,,
15/06/2567   18:00   2.23,,
15/06/2567   17:00   2.04,,
15/06/2567   16:00   2.00,,
15/06/2567   15:00   2.07,,
15/06/2567   14:00   2.24,,
15/06/2567   13:00   2.31,,
15/06/2567   12:00   2.39,,
15/06/2567   11:00   2.55,,
15/06/2567   10:00   2.53,,
15/06/2567   09:00   2.48,,
15/06/2567   08:00   2.35,,
15/06/2567   07:00   2.34,,
15/06/2567   06:00   2.39,,
15/06/2567   05:00   2.45,,
15/06/2567   04:00   2.62,,
15/06/2567   03:00   2.93,,
15/06/2567   02:00   3.23,,
15/06/2567   01:00   3.42,,
15/06/2567   00:00   3.58,,
14/06/2567   23:00   3.62,,
14/06/2567   22:00   3.48,,
14/06/2567   21:00   3.20,,
14/06/2567   20:00   2.71,,
14/06/2567   19:00   2.37,,
14/06/2567   18:00   1.98,,
14/06/2567   17:00   1.68,,
14/06/2567   16:00   1.61,,
14/06/2567   15:00   1.67,,
14/06/2567   14:00   1.85,,
14/06/2567   13:00   2.09,,
14/06/2567   12:00   2.27,,
14/06/2567   11:00   2.47,,
14/06/2567   10:00   2.62,,
14/06/2567   09:00   2.61,,
14/06/2567   08:00   2.55,,
14/06/2567   07:00   2.45,,
14/06/2567   06:00   2.42,,
14/06/2567   05:00   2.44,,
14/06/2567   04:00   2.57,,
14/06/2567   03:00   2.85,,
14/06/2567   02:00   3.13,,
14/06/2567   01:00   3.40,,
14/06/2567   00:00   3.63,,
13/06/2567   23:00   3.67,,
13/06/2567   22:00   3.54,,
13/06/2567   21:00   3.23,,
13/06/2567   20:00   2.79,,
13/06/2567   19:00   2.27,,
13/06/2567   18:00   1.82,,
13/06/2567   17:00   1.43,,
13/06/2567   16:00   1.28,,
13/06/2567   15:00   1.34,,
13/06/2567   14:00   1.52,,
13/06/2567   13:00   1.75,,
13/06/2567   12:00   2.02,,
13/06/2567   11:00   2.28,,
13/06/2567   10:00   2.62,,
13/06/2567   09:00   2.74,,
13/06/2567   08:00   2.78,,
13/06/2567   07:00   2.78,,
13/06/2567   06:00   2.69,,
13/06/2567   05:00   2.75,,
13/06/2567   04:00   2.78,,
13/06/2567   03:00   2.97,,
13/06/2567   02:00   3.27,,
13/06/2567   01:00   3.50,,
13/06/2567   00:00   3.78,,
12/06/2567   23:00   3.86,,
12/06/2567   22:00   3.64,,
12/06/2567   21:00   3.40,,
12/06/2567   20:00   3.03,,
12/06/2567   19:00   2.54,,
12/06/2567   18:00   1.98,,
12/06/2567   17:00   1.56,,
12/06/2567   16:00   1.15,,
12/06/2567   15:00   1.16,,
12/06/2567   14:00   1.34,,
12/06/2567   13:00   1.59,,
12/06/2567   12:00   1.88,,
12/06/2567   11:00   2.22,,
12/06/2567   10:00   2.53,,
12/06/2567   09:00   2.90,,
12/06/2567   08:00   2.99,,
12/06/2567   07:00   3.02,,
12/06/2567   06:00   3.06,,
12/06/2567   05:00   3.01,,
12/06/2567   04:00   2.97,,
12/06/2567   03:00   3.07,,
12/06/2567   02:00   3.35,,
12/06/2567   01:00   3.55,,
12/06/2567   00:00   3.74,,
11/06/2567   23:00   3.95,,
11/06/2567   22:00   3.94,,
11/06/2567   21:00   3.83,,
11/06/2567   20:00   3.42,,
11/06/2567   19:00   2.83,,
11/06/2567   18:00   2.40,,
11/06/2567   17:00   1.72,,
11/06/2567   16:00   1.30,,
11/06/2567   15:00   1.11,,
11/06/2567   14:00   1.19,,
11/06/2567   13:00   1.36,,
11/06/2567   12:00   1.61,,
11/06/2567   11:00   1.90,,
11/06/2567   10:00   2.20,,
11/06/2567   09:00   2.67,,
11/06/2567   08:00   3.03,,
11/06/2567   07:00   3.25,,
11/06/2567   06:00   3.28,,
11/06/2567   05:00   3.19,,
11/06/2567   04:00   3.21,,
11/06/2567   03:00   3.12,,
11/06/2567   02:00   3.23,,
11/06/2567   01:00   3.31,,
11/06/2567   00:00   3.55,,
10/06/2567   23:00   3.87,,
10/06/2567   22:00   3.87,,
10/06/2567   21:00   3.80,,
10/06/2567   20:00   3.53,,
10/06/2567   19:00   3.24,,
10/06/2567   18:00   2.64,,
10/06/2567   17:00   1.94,,
10/06/2567   16:00   1.34,,
10/06/2567   15:00   1.14,,
10/06/2567   14:00   1.17,,
10/06/2567   13:00   1.31,,
10/06/2567   12:00   1.54,,
10/06/2567   11:00   1.92,,
10/06/2567   10:00   2.36,,
10/06/2567   09:00   2.65,,
10/06/2567   08:00   3.02,,
10/06/2567   07:00   3.20,,
10/06/2567   06:00   3.22,,
10/06/2567   05:00   3.29,,
10/06/2567   04:00   3.19,,
10/06/2567   03:00   3.11,,
10/06/2567   02:00   3.12,,
10/06/2567   01:00   3.31,,
10/06/2567   00:00   3.65,,
09/06/2567   23:00   3.99,,
09/06/2567   22:00   4.10,,
09/06/2567   21:00   4.15,,
09/06/2567   20:00   3.94,,
09/06/2567   19:00   3.72,,
09/06/2567   18:00   3.06,,
09/06/2567   17:00   2.36,,
09/06/2567   16:00   1.65,,
09/06/2567   15:00   1.01,,
09/06/2567   14:00   0.98,,
09/06/2567   13:00   1.12,,
09/06/2567   12:00   1.30,,
09/06/2567   11:00   1.54,,
09/06/2567   10:00   1.80,,
09/06/2567   09:00   2.13,,
09/06/2567   08:00   2.68,,
09/06/2567   07:00   3.38,,
09/06/2567   06:00   3.27,,
09/06/2567   05:00   3.34,,
09/06/2567   04:00   3.13,,
09/06/2567   03:00   3.05,,
09/06/2567   02:00   3.09,,
09/06/2567   01:00   3.20,,
09/06/2567   00:00   3.43,,
08/06/2567   23:00   3.77,,
08/06/2567   22:00   3.99,,
08/06/2567   21:00   4.11,,
08/06/2567   20:00   4.08,,
08/06/2567   19:00   3.81,,
08/06/2567   18:00   3.40,,
08/06/2567   17:00   2.80,,
08/06/2567   16:00   2.08,,
08/06/2567   15:00   1.32,,
08/06/2567   14:00   0.95,,
08/06/2567   13:00   1.03,,
08/06/2567   12:00   1.17,,
08/06/2567   11:00   1.37,,
08/06/2567   10:00   1.64,,
08/06/2567   09:00   1.97,,
08/06/2567   08:00   2.32,,
08/06/2567   07:00   2.71,,
08/06/2567   06:00   3.07,,
08/06/2567   05:00   3.24,,
08/06/2567   04:00   3.26,,
08/06/2567   03:00   3.22,,
08/06/2567   02:00   3.12,,
08/06/2567   01:00   3.16,,
08/06/2567   00:00   3.24,,
07/06/2567   23:00   3.47,,
07/06/2567   22:00   3.71,,
07/06/2567   21:00   3.98,,
07/06/2567   20:00   4.15,,
07/06/2567   19:00   4.02,,
07/06/2567   18:00   3.70,,
07/06/2567   17:00   3.26,,
07/06/2567   16:00   2.57,,
07/06/2567   15:00   1.79,,
07/06/2567   14:00   1.17,,
07/06/2567   13:00   0.94,,
07/06/2567   12:00   1.04,,
07/06/2567   11:00   1.20,,
07/06/2567   10:00   1.42,,
07/06/2567   09:00   1.71,,
07/06/2567   08:00   2.05,,
07/06/2567   07:00   2.46,,
07/06/2567   06:00   2.80,,
07/06/2567   05:00   3.04,,
07/06/2567   04:00   3.13,,
07/06/2567   03:00   3.08,,
07/06/2567   02:00   2.90,,
07/06/2567   01:00   2.90,,
07/06/2567   00:00   2.91,,
06/06/2567   23:00   3.03,,
06/06/2567   22:00   3.27,,
06/06/2567   21:00   3.69,,
06/06/2567   20:00   3.96,,
06/06/2567   19:00   4.01,,
06/06/2567   18:00   3.86,,
06/06/2567   17:00   3.60,,
06/06/2567   16:00   3.11,,
06/06/2567   15:00   2.41,,
06/06/2567   14:00   1.73,,
06/06/2567   13:00   1.14,,
06/06/2567   12:00   0.97,,
06/06/2567   11:00   1.07,,
06/06/2567   10:00   1.24,,
,,
06/06/2567   09:00   1.53,,
06/06/2567   08:00   1.83,,
06/06/2567   07:00   2.16,,
06/06/2567   06:00   2.56,,
06/06/2567   05:00   2.90,,
06/06/2567   04:00   3.16,,
06/06/2567   03:00   3.21,,
06/06/2567   02:00   3.06,,
06/06/2567   01:00   2.93,,
06/06/2567   00:00   2.92,,
05/06/2567   23:00   2.91,,
05/06/2567   22:00   3.03,,
05/06/2567   21:00   3.27,,
05/06/2567   20:00   3.57,,
05/06/2567   19:00   3.79,,
05/06/2567   18:00   3.92,,
05/06/2567   17:00   3.78,,
05/06/2567   16:00   3.55,,
05/06/2567   15:00   3.13,,
05/06/2567   14:00   2.56,,
05/06/2567   13:00   1.88,,
05/06/2567   12:00   1.29,,
05/06/2567   11:00   1.12,,
05/06/2567   10:00   1.24,,
05/06/2567   09:00   1.44,,
05/06/2567   08:00   1.75,,
05/06/2567   07:00   2.07,,
05/06/2567   06:00   2.48,,
05/06/2567   05:00   2.86,,
05/06/2567   04:00   3.25,,
05/06/2567   03:00   3.48,,
05/06/2567   02:00   3.52,,
05/06/2567   01:00   3.37,,
05/06/2567   00:00   3.13,,
04/06/2567   23:00   3.02,,
04/06/2567   22:00   2.99,,
04/06/2567   21:00   3.05,,
04/06/2567   20:00   3.20,,
04/06/2567   19:00   3.41,,
04/06/2567   18:00   3.64,,
04/06/2567   17:00   3.72,,
04/06/2567   16:00   3.56,,
04/06/2567   15:00   3.33,,
04/06/2567   14:00   2.88,,
04/06/2567   13:00   2.37,,
04/06/2567   12:00   1.90,,
04/06/2567   11:00   1.45,,
04/06/2567   10:00   1.34,,
04/06/2567   09:00   1.45,,
04/06/2567   08:00   1.67,,
04/06/2567   07:00   1.94,,
04/06/2567   06:00   2.41,,
04/06/2567   05:00   2.84,,
04/06/2567   04:00   3.20,,
04/06/2567   03:00   3.50,,
04/06/2567   02:00   3.58,,
,,
04/06/2567   01:00   3.57,,
04/06/2567   00:00   3.30,,
03/06/2567   23:00   3.06,,
03/06/2567   22:00   2.79,,
03/06/2567   21:00   2.64,,
03/06/2567   20:00   2.63,,
03/06/2567   19:00   2.81,,
03/06/2567   18:00   2.93,,
03/06/2567   17:00   3.09,,
03/06/2567   16:00   3.17,,
03/06/2567   15:00   3.11,,
03/06/2567   14:00   2.94,,
03/06/2567   13:00   2.67,,
03/06/2567   12:00   2.29,,
03/06/2567   11:00   1.90,,
03/06/2567   10:00   1.61,,
03/06/2567   09:00   1.60,,
03/06/2567   08:00   1.81,,
03/06/2567   07:00   2.06,,
03/06/2567   06:00   2.39,,
03/06/2567   05:00   2.72,,
03/06/2567   04:00   3.18,,
03/06/2567   03:00   3.44,,
03/06/2567   02:00   3.66,,
03/06/2567   01:00   3.64,,
03/06/2567   00:00   3.48,,
02/06/2567   23:00   3.25,,
02/06/2567   22:00   2.89,,
02/06/2567   21:00   2.60,,
02/06/2567   20:00   2.29,,
02/06/2567   19:00   2.17,,
02/06/2567   18:00   2.13,,
02/06/2567   17:00   2.32,,
02/06/2567   16:00   2.52,,
02/06/2567   15:00   2.57,,
02/06/2567   14:00   2.71,,
02/06/2567   13:00   2.73,,
02/06/2567   12:00   2.60,,
02/06/2567   11:00   2.36,,
02/06/2567   10:00   2.14,,
02/06/2567   09:00   2.13,,
02/06/2567   08:00   2.16,,
02/06/2567   07:00   2.23,,
02/06/2567   06:00   2.46,,
02/06/2567   05:00   2.76,,
02/06/2567   04:00   3.12,,
02/06/2567   03:00   3.49,,
02/06/2567   02:00   3.72,,
02/06/2567   01:00   3.74,,
02/06/2567   00:00   3.74,,
01/06/2567   23:00   3.42,,
01/06/2567   22:00   3.03,,
01/06/2567   21:00   2.62,,
01/06/2567   20:00   2.28,,
01/06/2567   19:00   2.03,,
01/06/2567   18:00   1.71,,
,,
01/06/2567   17:00   1.75,,
01/06/2567   16:00   2.03,,
01/06/2567   15:00   2.24,,
01/06/2567   14:00   2.45,,
01/06/2567   13:00   2.58,,
01/06/2567   12:00   2.70,,
01/06/2567   11:00   2.87,,
01/06/2567   10:00   2.79,,
01/06/2567   09:00   2.64,,
01/06/2567   08:00   2.64,,
01/06/2567   07:00   2.63,,
01/06/2567   06:00   2.73,,
01/06/2567   05:00   2.87,,
01/06/2567   04:00   3.12,,
01/06/2567   03:00   3.48,,
01/06/2567   02:00   3.67,,
01/06/2567   01:00   3.72,,
01/06/2567   00:00   3.72,,
31/05/2567   23:00   3.59,,
31/05/2567   22:00   3.25,,
31/05/2567   21:00   2.73,,
31/05/2567   20:00   2.41,,
31/05/2567   19:00   2.09,,
31/05/2567   18:00   1.74,,
31/05/2567   17:00   1.43,,
31/05/2567   16:00   1.41,,
31/05/2567   15:00   1.58,,
31/05/2567   14:00   1.89,,
31/05/2567   13:00   2.13,,
31/05/2567   12:00   2.31,,
31/05/2567   11:00   2.67,,
31/05/2567   10:00   2.83,,
31/05/2567   09:00   2.88,,
31/05/2567   08:00   2.76,,
31/05/2567   07:00   2.75,,
31/05/2567   06:00   2.69,,
31/05/2567   05:00   2.92,,
31/05/2567   04:00   3.00,,
31/05/2567   03:00   3.24,,
31/05/2567   02:00   3.53,,
31/05/2567   01:00   3.71,,
31/05/2567   00:00   3.79,,
30/05/2567   23:00   3.63,,
30/05/2567   22:00   3.45,,
30/05/2567   21:00   3.29,,
30/05/2567   20:00   2.67,,
30/05/2567   19:00   2.23,,
30/05/2567   18:00   1.64,,
30/05/2567   17:00   1.26,,
30/05/2567   16:00   1.23,,
30/05/2567   15:00   1.35,,
30/05/2567   14:00   1.53,,
30/05/2567   13:00   1.79,,
30/05/2567   12:00   2.08,,
30/05/2567   11:00   2.40,,
30/05/2567   10:00   2.69,,
30/05/2567   09:00   2.88,,
30/05/2567   08:00   3.01,,
30/05/2567   07:00   3.04,,
30/05/2567   06:00   3.11,,
30/05/2567   05:00   3.11,,
30/05/2567   04:00   3.21,,
30/05/2567   03:00   3.39,,
30/05/2567   02:00   3.57,,
30/05/2567   01:00   3.84,,
30/05/2567   00:00   3.95,,
29/05/2567   23:00   3.93,,
29/05/2567   22:00   3.75,,
29/05/2567   21:00   3.42,,
29/05/2567   20:00   2.82,,
29/05/2567   19:00   2.24,,
29/05/2567   18:00   1.67,,
29/05/2567   17:00   1.21,,
29/05/2567   16:00   1.00,,
29/05/2567   15:00   1.12,,
29/05/2567   14:00   1.28,,
29/05/2567   13:00   1.51,,
29/05/2567   12:00   1.79,,
29/05/2567   11:00   2.13,,
29/05/2567   10:00   2.47,,
29/05/2567   09:00   2.80,,
29/05/2567   08:00   3.04,,
29/05/2567   07:00   3.08,,
29/05/2567   06:00   3.09,,
29/05/2567   05:00   2.97,,
29/05/2567   04:00   3.03,,
29/05/2567   03:00   3.15,,
29/05/2567   02:00   3.39,,
29/05/2567   01:00   3.58,,
29/05/2567   00:00   3.87,,
28/05/2567   23:00   3.99,,
28/05/2567   22:00   3.94,,
28/05/2567   21:00   3.74,,
28/05/2567   20:00   3.36,,
28/05/2567   19:00   2.81,,
28/05/2567   18:00   2.19,,
28/05/2567   17:00   1.51,,
28/05/2567   16:00   1.02,,
28/05/2567   15:00   1.01,,
28/05/2567   14:00   1.15,,
28/05/2567   13:00   1.37,,
28/05/2567   12:00   1.65,,
28/05/2567   11:00   1.97,,
28/05/2567   10:00   2.35,,
28/05/2567   09:00   2.75,,
28/05/2567   08:00   3.02,,
28/05/2567   07:00   3.21,,
28/05/2567   06:00   3.32,,
28/05/2567   05:00   3.30,,
28/05/2567   04:00   3.17,,
28/05/2567   03:00   3.23,,
28/05/2567   02:00   3.34,,
28/05/2567   01:00   3.53,,
28/05/2567   00:00   3.82,,
27/05/2567   23:00   3.91,,
27/05/2567   22:00   4.19,,
27/05/2567   21:00   4.08,,
27/05/2567   20:00   3.78,,
27/05/2567   19:00   3.32,,
27/05/2567   18:00   2.69,,
27/05/2567   17:00   1.96,,
27/05/2567   16:00   1.11,,
27/05/2567   15:00   0.93,,
27/05/2567   14:00   1.03,,
27/05/2567   13:00   1.19,,
27/05/2567   12:00   1.39,,
27/05/2567   11:00   1.68,,
27/05/2567   10:00   2.05,,
27/05/2567   09:00   2.44,,
27/05/2567   08:00   2.81,,
27/05/2567   07:00   3.04,,
27/05/2567   06:00   3.16,,
27/05/2567   05:00   3.25,,
27/05/2567   04:00   3.14,,
27/05/2567   03:00   2.87,,
27/05/2567   02:00   3.01,,
27/05/2567   01:00   3.17,,
27/05/2567   00:00   3.39,,
26/05/2567   23:00   3.70,,
26/05/2567   22:00   3.59,,
26/05/2567   21:00   4.17,,
26/05/2567   20:00   4.03,,
26/05/2567   19:00   3.70,,
26/05/2567   18:00   3.25,,
26/05/2567   17:00   2.65,,
26/05/2567   16:00   1.94,,
26/05/2567   15:00   1.41,,
26/05/2567   14:00   1.08,,
26/05/2567   13:00   1.17,,
26/05/2567   12:00   1.33,,
26/05/2567   11:00   1.57,,
26/05/2567   10:00   1.87,,
26/05/2567   09:00   2.20,,
26/05/2567   08:00   2.56,,
26/05/2567   07:00   3.00,,
26/05/2567   06:00   3.19,,
26/05/2567   05:00   3.27,,
26/05/2567   04:00   3.31,,
26/05/2567   03:00   3.08,,
26/05/2567   02:00   3.10,,
26/05/2567   01:00   3.17,,
26/05/2567   00:00   3.29,,
25/05/2567   23:00   3.62,,
25/05/2567   22:00   3.91,,
25/05/2567   21:00   4.18,,
25/05/2567   20:00   4.25,,
25/05/2567   19:00   3.93,,
25/05/2567   18:00   3.69,,
25/05/2567   17:00   3.19,,
25/05/2567   16:00   2.41,,
25/05/2567   15:00   1.76,,
25/05/2567   14:00   1.21,,
25/05/2567   13:00   1.10,,
25/05/2567   12:00   1.21,,
25/05/2567   11:00   1.41,,
25/05/2567   10:00   1.74,,
25/05/2567   09:00   2.09,,
25/05/2567   08:00   2.44,,
25/05/2567   07:00   2.80,,
25/05/2567   06:00   3.11,,
25/05/2567   05:00   3.25,,
25/05/2567   04:00   3.25,,
25/05/2567   03:00   3.14,,
25/05/2567   02:00   3.07,,
25/05/2567   01:00   2.99,,
25/05/2567   00:00   3.10,,
24/05/2567   23:00   3.34,,
24/05/2567   22:00   3.63,,
24/05/2567   21:00   3.95,,
24/05/2567   20:00   4.09,,
24/05/2567   19:00   4.01,,
24/05/2567   18:00   3.91,,
24/05/2567   17:00   3.49,,
24/05/2567   16:00   2.90,,
24/05/2567   15:00   2.20,,
24/05/2567   14:00   1.58,,
24/05/2567   13:00   1.11,,
24/05/2567   12:00   1.15,,
24/05/2567   11:00   1.36,,
24/05/2567   10:00   1.61,,
24/05/2567   09:00   1.93,,
24/05/2567   08:00   2.32,,
24/05/2567   07:00   2.67,,
24/05/2567   06:00   3.03,,
24/05/2567   05:00   3.23,,
24/05/2567   04:00   3.37,,
24/05/2567   03:00   3.19,,
24/05/2567   02:00   2.99,,
24/05/2567   01:00   2.75,,
24/05/2567   00:00   2.79,,
23/05/2567   23:00   2.99,,
23/05/2567   22:00   3.27,,
23/05/2567   21:00   3.51,,
23/05/2567   20:00   3.96,,
23/05/2567   19:00   4.08,,
23/05/2567   18:00   4.01,,
23/05/2567   17:00   3.74,,
23/05/2567   16:00   3.27,,
23/05/2567   15:00   2.62,,
23/05/2567   14:00   2.03,,
23/05/2567   13:00   1.39,,
23/05/2567   12:00   1.13,,
23/05/2567   11:00   1.27,,
23/05/2567   10:00   1.51,,
23/05/2567   09:00   1.78,,
23/05/2567   08:00   2.13,,
23/05/2567   07:00   2.48,,
23/05/2567   06:00   2.88,,
23/05/2567   05:00   3.15,,
23/05/2567   04:00   3.25,,
23/05/2567   03:00   3.15,,
23/05/2567   02:00   2.98,,
23/05/2567   01:00   2.84,,
23/05/2567   00:00   2.75,,
22/05/2567   23:00   2.72,,
22/05/2567   22:00   2.90,,
22/05/2567   21:00   3.18,,
22/05/2567   20:00   3.46,,
22/05/2567   19:00   3.66,,
22/05/2567   18:00   3.68,,
22/05/2567   17:00   3.61,,
22/05/2567   16:00   3.29,,
22/05/2567   15:00   2.79,,
22/05/2567   14:00   2.31,,
22/05/2567   13:00   1.76,,
22/05/2567   12:00   1.49,,
22/05/2567   11:00   1.28,,
22/05/2567   10:00   1.43,,
22/05/2567   09:00   1.74,,
22/05/2567   08:00   2.02,,
22/05/2567   07:00   2.37,,
22/05/2567   06:00   2.70,,
22/05/2567   05:00   2.96,,
22/05/2567   04:00   3.12,,
22/05/2567   03:00   3.29,,
22/05/2567   02:00   2.98,,
22/05/2567   01:00   2.72,,
22/05/2567   00:00   2.78,,
21/05/2567   23:00   2.72,,
21/05/2567   22:00   2.86,,
21/05/2567   21:00   2.92,,
21/05/2567   20:00   3.28,,
21/05/2567   19:00   3.46,,
21/05/2567   18:00   3.69,,
21/05/2567   17:00   3.65,,
21/05/2567   16:00   3.45,,
21/05/2567   15:00   3.17,,
21/05/2567   14:00   2.72,,
21/05/2567   13:00   2.29,,
21/05/2567   12:00   1.71,,
21/05/2567   11:00   1.60,,
21/05/2567   10:00   1.59,,
21/05/2567   09:00   1.81,,
21/05/2567   08:00   2.08,,
21/05/2567   07:00   2.45,,
21/05/2567   06:00   2.87,,
21/05/2567   05:00   3.19,,
21/05/2567   04:00   3.45,,
21/05/2567   03:00   3.51,,
21/05/2567   02:00   3.47,,
21/05/2567   01:00   3.23,,
21/05/2567   00:00   2.94,,
20/05/2567   23:00   2.76,,
20/05/2567   22:00   2.69,,
20/05/2567   21:00   2.77,,
20/05/2567   20:00   2.79,,
20/05/2567   19:00   2.96,,
20/05/2567   18:00   3.18,,
20/05/2567   17:00   3.32,,
20/05/2567   16:00   3.23,,
20/05/2567   15:00   3.10,,
20/05/2567   14:00   2.85,,
20/05/2567   13:00   2.52,,
20/05/2567   12:00   2.19,,
20/05/2567   11:00   1.86,,
20/05/2567   10:00   1.78,,
20/05/2567   09:00   1.92,,
20/05/2567   08:00   2.15,,
20/05/2567   07:00   2.41,,
20/05/2567   06:00   2.77,,
20/05/2567   05:00   3.10,,
20/05/2567   04:00   3.44,,
20/05/2567   03:00   3.43,,
20/05/2567   02:00   3.43,,
20/05/2567   01:00   3.40,,
20/05/2567   00:00   3.16,,
19/05/2567   23:00   3.06,,
19/05/2567   22:00   2.85,,
19/05/2567   21:00   2.56,,
19/05/2567   20:00   2.74,,
19/05/2567   19:00   2.86,,
19/05/2567   18:00   2.96,,
19/05/2567   17:00   2.96,,
19/05/2567   16:00   3.03,,
19/05/2567   15:00   2.93,,
19/05/2567   14:00   2.86,,
19/05/2567   13:00   2.64,,
19/05/2567   12:00   2.47,,
19/05/2567   11:00   2.15,,
19/05/2567   10:00   2.08,,
19/05/2567   09:00   2.15,,
19/05/2567   08:00   2.27,,
19/05/2567   07:00   2.53,,
19/05/2567   06:00   2.86,,
19/05/2567   05:00   3.18,,
19/05/2567   04:00   3.45,,
19/05/2567   03:00   3.62,,
19/05/2567   02:00   3.70,,
19/05/2567   01:00   3.59,,
19/05/2567   00:00   3.44,,
18/05/2567   23:00   3.12,,
18/05/2567   22:00   2.80,,
18/05/2567   21:00   2.47,,
18/05/2567   20:00   2.36,,
18/05/2567   19:00   2.21,,
18/05/2567   18:00   2.26,,
18/05/2567   17:00   2.31,,
,,
18/05/2567   16:00   2.43,,
18/05/2567   15:00   2.53,,
18/05/2567   14:00   2.53,,
18/05/2567   13:00   2.57,,
18/05/2567   12:00   2.51,,
18/05/2567   11:00   2.40,,
18/05/2567   10:00   2.35,,
18/05/2567   09:00   2.33,,
18/05/2567   08:00   2.41,,
18/05/2567   07:00   2.59,,
18/05/2567   06:00   2.79,,
18/05/2567   05:00   2.99,,
18/05/2567   04:00   3.22,,
18/05/2567   03:00   3.39,,
18/05/2567   02:00   3.49,,
18/05/2567   01:00   3.47,,
18/05/2567   00:00   3.31,,
17/05/2567   23:00   3.23,,
17/05/2567   22:00   2.92,,
17/05/2567   21:00   2.62,,
17/05/2567   20:00   2.40,,
17/05/2567   19:00   2.30,,
17/05/2567   18:00   2.11,,
17/05/2567   17:00   2.05,,
17/05/2567   16:00   2.07,,
17/05/2567   15:00   2.16,,
17/05/2567   14:00   2.30,,
17/05/2567   13:00   2.35,,
17/05/2567   12:00   2.54,,
17/05/2567   11:00   2.66,,
17/05/2567   10:00   2.62,,
17/05/2567   09:00   2.74,,
17/05/2567   08:00   2.57,,
17/05/2567   07:00   2.70,,
17/05/2567   06:00   3.11,,
17/05/2567   05:00   3.13,,
17/05/2567   04:00   3.56,,
17/05/2567   03:00   3.68,,
17/05/2567   02:00   3.80,,
17/05/2567   01:00   3.82,,
17/05/2567   00:00   3.70,,
16/05/2567   23:00   3.52,,
16/05/2567   22:00   3.20,,
16/05/2567   21:00   2.93,,
16/05/2567   20:00   2.50,,
16/05/2567   19:00   2.12,,
16/05/2567   18:00   1.87,,
16/05/2567   17:00   1.63,,
16/05/2567   16:00   1.67,,
16/05/2567   15:00   1.78,,
16/05/2567   14:00   1.93,,
16/05/2567   13:00   2.20,,
16/05/2567   12:00   2.45,,
16/05/2567   11:00   2.55,,
16/05/2567   10:00   2.71,,
16/05/2567   09:00   2.85,,
,,
16/05/2567   08:00   2.77,,
16/05/2567   07:00   2.96,,
16/05/2567   06:00   2.94,,
16/05/2567   05:00   3.06,,
16/05/2567   04:00   3.22,,
16/05/2567   03:00   3.43,,
16/05/2567   02:00   3.67,,
16/05/2567   01:00   3.83,,
16/05/2567   00:00   3.86,,
15/05/2567   23:00   3.74,,
15/05/2567   22:00   3.50,,
15/05/2567   21:00   3.16,,
15/05/2567   20:00   2.71,,
15/05/2567   19:00   2.25,,
15/05/2567   18:00   1.73,,
15/05/2567   17:00   1.56,,
15/05/2567   16:00   1.44,,
15/05/2567   15:00   1.54,,
15/05/2567   14:00   1.74,,
15/05/2567   13:00   2.00,,
15/05/2567   12:00   2.24,,
15/05/2567   11:00   2.52,,
15/05/2567   10:00   2.81,,
15/05/2567   09:00   3.00,,
15/05/2567   08:00   3.13,,
15/05/2567   07:00   3.13,,
15/05/2567   06:00   3.20,,
15/05/2567   05:00   3.26,,
15/05/2567   04:00   3.36,,
15/05/2567   03:00   3.53,,
15/05/2567   02:00   3.63,,
15/05/2567   01:00   3.80,,
15/05/2567   00:00   3.88,,
14/05/2567   23:00   3.80,,
14/05/2567   22:00   3.56,,
14/05/2567   21:00   3.25,,
14/05/2567   20:00   2.79,,
14/05/2567   19:00   2.30,,
14/05/2567   18:00   1.78,,
14/05/2567   17:00   1.40,,
14/05/2567   16:00   1.12,,
14/05/2567   15:00   1.22,,
14/05/2567   14:00   1.40,,
14/05/2567   13:00   1.63,,
14/05/2567   12:00   1.92,,
14/05/2567   11:00   2.22,,
14/05/2567   10:00   2.60,,
14/05/2567   09:00   2.91,,
14/05/2567   08:00   3.11,,
14/05/2567   07:00   3.09,,
14/05/2567   06:00   3.17,,
14/05/2567   05:00   3.25,,
14/05/2567   04:00   3.22,,
14/05/2567   03:00   3.32,,
14/05/2567   02:00   3.37,,
14/05/2567   01:00   3.62,,
,,
14/05/2567   00:00   3.81,,
13/05/2567   23:00   3.84,,
13/05/2567   22:00   3.72,,
13/05/2567   21:00   3.68,,
13/05/2567   20:00   3.35,,
13/05/2567   19:00   2.68,,
13/05/2567   18:00   2.05,,
13/05/2567   17:00   1.48,,
13/05/2567   16:00   1.10,,
13/05/2567   15:00   1.14,,
13/05/2567   14:00   1.33,,
13/05/2567   13:00   1.56,,
13/05/2567   12:00   1.84,,
13/05/2567   11:00   2.16,,
13/05/2567   10:00   2.50,,
13/05/2567   09:00   2.93,,
13/05/2567   08:00   3.25,,
13/05/2567   07:00   3.42,,
13/05/2567   06:00   3.49,,
13/05/2567   05:00   3.34,,
13/05/2567   04:00   3.33,,
13/05/2567   03:00   3.31,,
13/05/2567   02:00   3.43,,
13/05/2567   01:00   3.61,,
13/05/2567   00:00   3.82,,
12/05/2567   23:00   3.99,,
12/05/2567   22:00   4.02,,
12/05/2567   21:00   3.88,,
12/05/2567   20:00   3.56,,
12/05/2567   19:00   3.07,,
12/05/2567   18:00   2.43,,
12/05/2567   17:00   1.65,,
12/05/2567   16:00   1.03,,
12/05/2567   15:00   0.96,,
12/05/2567   14:00   1.08,,
12/05/2567   13:00   1.25,,
12/05/2567   12:00   1.50,,
12/05/2567   11:00   1.82,,
12/05/2567   10:00   2.17,,
12/05/2567   09:00   2.56,,
12/05/2567   08:00   2.89,,
12/05/2567   07:00   3.19,,
12/05/2567   06:00   3.34,,
12/05/2567   05:00   3.26,,
12/05/2567   04:00   3.09,,
12/05/2567   03:00   3.07,,
12/05/2567   02:00   3.11,,
12/05/2567   01:00   3.29,,
12/05/2567   00:00   3.45,,
11/05/2567   23:00   3.76,,
11/05/2567   22:00   3.96,,
11/05/2567   21:00   3.98,,
11/05/2567   20:00   3.80,,
11/05/2567   19:00   3.38,,
11/05/2567   18:00   2.82,,
11/05/2567   17:00   2.15,,
11/05/2567   16:00   1.39,,
11/05/2567   15:00   0.99,,
11/05/2567   14:00   1.01,,
11/05/2567   13:00   1.14,,
11/05/2567   12:00   1.34,,
11/05/2567   11:00   1.61,,
11/05/2567   10:00   1.94,,
11/05/2567   09:00   2.41,,
11/05/2567   08:00   2.79,,
11/05/2567   07:00   3.16,,
11/05/2567   06:00   3.33,,
11/05/2567   05:00   3.36,,
11/05/2567   04:00   3.25,,
11/05/2567   03:00   3.13,,
11/05/2567   02:00   3.14,,
11/05/2567   01:00   3.17,,
11/05/2567   00:00   3.39,,
10/05/2567   23:00   3.64,,
10/05/2567   22:00   4.05,,
10/05/2567   21:00   4.24,,
10/05/2567   20:00   4.25,,
10/05/2567   19:00   4.10,,
10/05/2567   18:00   3.75,,
10/05/2567   17:00   3.17,,
10/05/2567   16:00   2.48,,
10/05/2567   15:00   1.70,,
10/05/2567   14:00   1.11,,
10/05/2567   13:00   1.15,,
10/05/2567   12:00   1.31,,
10/05/2567   11:00   1.61,,
10/05/2567   10:00   1.95,,
10/05/2567   09:00   2.36,,
10/05/2567   08:00   2.79,,
10/05/2567   07:00   3.20,,
10/05/2567   06:00   3.41,,
10/05/2567   05:00   3.60,,
10/05/2567   04:00   3.50,,
10/05/2567   03:00   3.20,,
10/05/2567   02:00   3.06,,
10/05/2567   01:00   2.92,,
10/05/2567   00:00   3.10,,
09/05/2567   23:00   3.31,,
09/05/2567   22:00   3.70,,
09/05/2567   21:00   4.01,,
09/05/2567   20:00   4.21,,
09/05/2567   19:00   4.17,,
09/05/2567   18:00   4.02,,
09/05/2567   17:00   3.60,,
09/05/2567   16:00   3.02,,
09/05/2567   15:00   2.23,,
09/05/2567   14:00   1.49,,
09/05/2567   13:00   1.10,,
09/05/2567   12:00   1.23,,
09/05/2567   11:00   1.44,,
09/05/2567   10:00   1.74,,
09/05/2567   09:00   2.14,,
09/05/2567   08:00   2.57,,
09/05/2567   07:00   3.03,,
09/05/2567   06:00   3.37,,
09/05/2567   05:00   3.62,,
09/05/2567   04:00   3.64,,
09/05/2567   03:00   3.42,,
09/05/2567   02:00   3.01,,
09/05/2567   01:00   2.75,,
09/05/2567   00:00   2.68,,
08/05/2567   23:00   2.75,,
08/05/2567   22:00   3.00,,
08/05/2567   21:00   3.34,,
08/05/2567   20:00   3.71,,
08/05/2567   19:00   3.96,,
08/05/2567   18:00   3.91,,
08/05/2567   17:00   3.63,,
08/05/2567   16:00   3.24,,
08/05/2567   15:00   2.58,,
08/05/2567   14:00   1.80,,
08/05/2567   13:00   1.19,,
08/05/2567   12:00   1.14,,
08/05/2567   11:00   1.31,,
08/05/2567   10:00   1.53,,
08/05/2567   09:00   1.84,,
08/05/2567   08:00   2.30,,
08/05/2567   07:00   2.75,,
08/05/2567   06:00   3.19,,
08/05/2567   05:00   3.49,,
08/05/2567   04:00   3.59,,
08/05/2567   03:00   3.50,,
08/05/2567   02:00   3.21,,
08/05/2567   01:00   2.65,,
08/05/2567   00:00   2.51,,
07/05/2567   23:00   2.37,,
07/05/2567   22:00   2.57,,
07/05/2567   21:00   2.80,,
07/05/2567   20:00   3.05,,
07/05/2567   19:00   3.52,,
07/05/2567   18:00   3.86,,
07/05/2567   17:00   3.65,,
07/05/2567   16:00   3.37,,
07/05/2567   15:00   3.12,,
07/05/2567   14:00   2.55,,
07/05/2567   13:00   1.82,,
07/05/2567   12:00   1.41,,
07/05/2567   11:00   1.47,,
07/05/2567   10:00   1.72,,
07/05/2567   09:00   2.09,,
07/05/2567   08:00   2.50,,
07/05/2567   07:00   2.81,,
07/05/2567   06:00   3.30,,
07/05/2567   05:00   3.60,,
07/05/2567   04:00   3.77,,
07/05/2567   03:00   3.73,,
07/05/2567   02:00   3.49,,
07/05/2567   01:00   2.98,,
07/05/2567   00:00   2.58,,
06/05/2567   23:00   2.31,,
06/05/2567   22:00   2.26,,
06/05/2567   21:00   2.34,,
06/05/2567   20:00   2.70,,
06/05/2567   19:00   3.10,,
06/05/2567   18:00   3.29,,
06/05/2567   17:00   3.47,,
06/05/2567   16:00   3.49,,
06/05/2567   15:00   3.39,,
06/05/2567   14:00   2.99,,
06/05/2567   13:00   2.47,,
06/05/2567   12:00   2.03,,
06/05/2567   11:00   1.80,,
06/05/2567   10:00   1.80,,
06/05/2567   09:00   2.00,,
06/05/2567   08:00   2.33,,
06/05/2567   07:00   2.73,,
06/05/2567   06:00   3.17,,
06/05/2567   05:00   3.58,,
06/05/2567   04:00   3.72,,
06/05/2567   03:00   3.75,,
06/05/2567   02:00   3.56,,
06/05/2567   01:00   3.17,,
06/05/2567   00:00   2.82,,
05/05/2567   23:00   2.31,,
05/05/2567   22:00   2.09,,
05/05/2567   21:00   2.03,,
05/05/2567   20:00   2.16,,
05/05/2567   19:00   2.33,,
05/05/2567   18:00   2.59,,
05/05/2567   17:00   2.81,,
05/05/2567   16:00   2.98,,
05/05/2567   15:00   2.97,,
05/05/2567   14:00   2.87,,
05/05/2567   13:00   2.60,,
05/05/2567   12:00   2.29,,
05/05/2567   11:00   2.14,,
05/05/2567   10:00   2.09,,
05/05/2567   09:00   2.22,,
05/05/2567   08:00   2.47,,
05/05/2567   07:00   2.76,,
05/05/2567   06:00   3.11,,
05/05/2567   05:00   3.43,,
05/05/2567   04:00   3.74,,
05/05/2567   03:00   3.77,,
05/05/2567   02:00   3.61,,
05/05/2567   01:00   3.35,,
05/05/2567   00:00   3.01,,
04/05/2567   23:00   2.59,,
04/05/2567   22:00   2.17,,
04/05/2567   21:00   1.94,,
04/05/2567   20:00   1.82,,
04/05/2567   19:00   1.88,,
04/05/2567   18:00   2.01,,
04/05/2567   17:00   2.25,,
04/05/2567   16:00   2.34,,
04/05/2567   15:00   2.46,,
04/05/2567   14:00   2.71,,
04/05/2567   13:00   2.72,,
04/05/2567   12:00   2.63,,
04/05/2567   11:00   2.56,,
04/05/2567   10:00   2.59,,
04/05/2567   09:00   2.60,,
04/05/2567   08:00   2.74,,
04/05/2567   07:00   2.93,,
04/05/2567   06:00   3.26,,
04/05/2567   05:00   3.53,,
04/05/2567   04:00   3.72,,
04/05/2567   03:00   3.81,,
04/05/2567   02:00   3.72,,
04/05/2567   01:00   3.56,,
04/05/2567   00:00   3.29,,
03/05/2567   23:00   2.91,,
03/05/2567   22:00   2.49,,
03/05/2567   21:00   2.14,,
03/05/2567   20:00   1.89,,
03/05/2567   19:00   1.63,,
03/05/2567   18:00   1.61,,
03/05/2567   17:00   1.70,,
03/05/2567   16:00   1.84,,
03/05/2567   15:00   2.03,,
03/05/2567   14:00   2.22,,
03/05/2567   13:00   2.36,,
03/05/2567   12:00   2.52,,
03/05/2567   11:00   2.65,,
03/05/2567   10:00   2.74,,
03/05/2567   09:00   2.80,,
03/05/2567   08:00   2.91,,
03/05/2567   07:00   3.11,,
03/05/2567   06:00   3.28,,
03/05/2567   05:00   3.47,,
03/05/2567   04:00   3.62,,
03/05/2567   03:00   3.78,,
03/05/2567   02:00   3.84,,
03/05/2567   01:00   3.74,,
03/05/2567   00:00   3.55,,
02/05/2567   23:00   3.23,,
02/05/2567   22:00   2.89,,
02/05/2567   21:00   2.47,,
02/05/2567   20:00   2.11,,
02/05/2567   19:00   1.80,,
02/05/2567   18:00   1.63,,
02/05/2567   17:00   1.58,,
02/05/2567   16:00   1.68,,
02/05/2567   15:00   1.83,,
02/05/2567   14:00   2.05,,
02/05/2567   13:00   2.25,,
02/05/2567   12:00   2.43,,
02/05/2567   11:00   2.64,,
02/05/2567   10:00   2.84,,
02/05/2567   09:00   3.01,,
02/05/2567   08:00   3.09,,
02/05/2567   07:00   3.25,,
02/05/2567   06:00   3.35,,
02/05/2567   05:00   3.44,,
02/05/2567   04:00   3.55,,
02/05/2567   03:00   3.64,,
02/05/2567   02:00   3.79,,
02/05/2567   01:00   3.83,,
02/05/2567   00:00   3.78,,
01/05/2567   23:00   3.62,,
01/05/2567   22:00   3.29,,
01/05/2567   21:00   2.89,,
01/05/2567   20:00   2.41,,
01/05/2567   19:00   1.99,,
01/05/2567   18:00   1.60,,
01/05/2567   17:00   1.33,,
01/05/2567   16:00   1.26,,
01/05/2567   15:00   1.39,,
01/05/2567   14:00   1.64,,
01/05/2567   13:00   1.90,,
01/05/2567   12:00   2.18,,
01/05/2567   11:00   2.49,,
01/05/2567   10:00   2.85,,
01/05/2567   09:00   3.05,,
01/05/2567   08:00   3.18,,
01/05/2567   07:00   3.22,,
01/05/2567   06:00   3.23,,
01/05/2567   05:00   3.29,,
01/05/2567   04:00   3.33,,
01/05/2567   03:00   3.46,,
01/05/2567   02:00   3.60,,
01/05/2567   01:00   3.79,,
01/05/2567   00:00   3.88,,
,,
