dt,time,y
31/08/2567,23:00,3
31/08/2567,22:00,3.24
31/08/2567,21:00,3.42
31/08/2567,20:00,3.69
31/08/2567,19:00,3.77
31/08/2567,18:00,3.88
31/08/2567,17:00,3.78
31/08/2567,16:00,3.47
31/08/2567,15:00,3.13
31/08/2567,14:00,2.71
31/08/2567,13:00,2.19
31/08/2567,12:00,1.83
31/08/2567,11:00,1.53
31/08/2567,10:00,1.37
31/08/2567,9:00,1.39
31/08/2567,8:00,1.51
31/08/2567,7:00,1.73
31/08/2567,6:00,1.94
31/08/2567,5:00,2.11
31/08/2567,4:00,2.44
31/08/2567,3:00,2.65
31/08/2567,2:00,2.75
31/08/2567,1:00,2.95
31/08/2567,0:00,3.05
30/08/2567,23:00,3.16
30/08/2567,22:00,3.42
30/08/2567,21:00,3.51
30/08/2567,20:00,3.7
30/08/2567,19:00,3.92
30/08/2567,18:00,3.91
30/08/2567,17:00,3.97
30/08/2567,16:00,3.81
30/08/2567,15:00,3.55
30/08/2567,14:00,3.23
30/08/2567,13:00,2.78
30/08/2567,12:00,2.43
30/08/2567,11:00,2.12
30/08/2567,10:00,1.69
30/08/2567,9:00,1.53
30/08/2567,8:00,1.36
30/08/2567,7:00,1.5
30/08/2567,6:00,1.65
30/08/2567,5:00,1.77
30/08/2567,4:00,1.97
30/08/2567,3:00,2.32
30/08/2567,2:00,2.64
30/08/2567,1:00,2.77
30/08/2567,0:00,3.07
29/08/2567,23:00,3.13
29/08/2567,22:00,3.34
29/08/2567,21:00,3.4
29/08/2567,20:00,3.5
29/08/2567,19:00,3.6
29/08/2567,18:00,3.81
29/08/2567,17:00,3.76
29/08/2567,16:00,3.71
29/08/2567,15:00,3.49
29/08/2567,14:00,3.36
29/08/2567,13:00,3.09
29/08/2567,12:00,2.82
29/08/2567,11:00,2.45
29/08/2567,10:00,2
29/08/2567,9:00,1.73
29/08/2567,8:00,1.37
29/08/2567,7:00,1.28
29/08/2567,6:00,1.18
29/08/2567,5:00,1.33
29/08/2567,4:00,1.53
29/08/2567,3:00,1.83
29/08/2567,2:00,2.14
29/08/2567,1:00,2.53
29/08/2567,0:00,2.95
28/08/2567,23:00,3.14
28/08/2567,22:00,3.36
28/08/2567,21:00,3.35
28/08/2567,20:00,3.44
28/08/2567,19:00,3.33
28/08/2567,18:00,3.47
28/08/2567,17:00,3.52
28/08/2567,16:00,3.51
28/08/2567,15:00,3.5
28/08/2567,14:00,3.55
28/08/2567,13:00,3.47
28/08/2567,12:00,3.32
28/08/2567,11:00,2.97
28/08/2567,10:00,2.58
28/08/2567,9:00,2.32
28/08/2567,8:00,1.78
28/08/2567,7:00,1.34
28/08/2567,6:00,1.21
28/08/2567,5:00,1.34
28/08/2567,4:00,1.52
28/08/2567,3:00,1.81
28/08/2567,2:00,2.08
28/08/2567,1:00,2.73
28/08/2567,0:00,3.37
27/08/2567,23:00,3.46
27/08/2567,22:00,3.6
27/08/2567,21:00,3.72
27/08/2567,20:00,3.65
27/08/2567,19:00,3.51
27/08/2567,18:00,3.42
27/08/2567,17:00,3.26
27/08/2567,16:00,3.18
27/08/2567,15:00,3.33
27/08/2567,14:00,3.45
27/08/2567,13:00,3.46
27/08/2567,12:00,3.42
27/08/2567,11:00,3.3
27/08/2567,10:00,3.1
27/08/2567,9:00,2.72
27/08/2567,8:00,2.23
27/08/2567,7:00,1.7
27/08/2567,6:00,1.27
27/08/2567,5:00,1.18
27/08/2567,4:00,1.32
27/08/2567,3:00,1.56
27/08/2567,2:00,1.9
27/08/2567,1:00,2.35
27/08/2567,0:00,2.82
26/08/2567,23:00,3.27
26/08/2567,22:00,3.59
26/08/2567,21:00,3.74
26/08/2567,20:00,3.79
26/08/2567,19:00,3.45
26/08/2567,18:00,3.12
26/08/2567,17:00,2.84
26/08/2567,16:00,2.63
26/08/2567,15:00,2.61
26/08/2567,14:00,2.69
26/08/2567,13:00,2.95
26/08/2567,12:00,3.22
26/08/2567,11:00,3.37
26/08/2567,10:00,3.34
26/08/2567,9:00,3.21
26/08/2567,8:00,2.85
26/08/2567,7:00,2.31
26/08/2567,6:00,1.73
26/08/2567,5:00,1.31
26/08/2567,4:00,1.27
26/08/2567,3:00,1.43
26/08/2567,2:00,1.74
26/08/2567,1:00,2.13
26/08/2567,0:00,2.66
25/08/2567,23:00,3.22
25/08/2567,22:00,3.6
25/08/2567,21:00,3.91
25/08/2567,20:00,3.96
25/08/2567,19:00,3.76
25/08/2567,18:00,3.37
25/08/2567,17:00,2.85
25/08/2567,16:00,2.29
25/08/2567,15:00,2.15
25/08/2567,14:00,2.2
25/08/2567,13:00,2.48
25/08/2567,12:00,2.9
25/08/2567,11:00,3.2
25/08/2567,10:00,3.46
25/08/2567,9:00,3.5
25/08/2567,8:00,3.36
25/08/2567,7:00,2.94
25/08/2567,6:00,2.41
25/08/2567,5:00,1.75
25/08/2567,4:00,1.38
25/08/2567,3:00,1.51
25/08/2567,2:00,1.74
25/08/2567,1:00,2.1
25/08/2567,0:00,2.6
24/08/2567,23:00,3.19
24/08/2567,22:00,3.63
24/08/2567,21:00,3.99
24/08/2567,20:00,3.99
24/08/2567,19:00,3.75
24/08/2567,18:00,3.18
24/08/2567,17:00,2.59
24/08/2567,16:00,1.94
24/08/2567,15:00,1.63
24/08/2567,14:00,1.67
24/08/2567,13:00,1.91
24/08/2567,12:00,2.33
24/08/2567,11:00,2.81
24/08/2567,10:00,3.21
24/08/2567,9:00,3.47
24/08/2567,8:00,3.57
24/08/2567,7:00,3.34
24/08/2567,6:00,2.91
24/08/2567,5:00,2.33
24/08/2567,4:00,1.8
24/08/2567,3:00,1.71
24/08/2567,2:00,1.89
24/08/2567,1:00,2.15
24/08/2567,0:00,2.57
23/08/2567,23:00,3.13
23/08/2567,22:00,3.65
23/08/2567,21:00,3.98
23/08/2567,20:00,4.01
23/08/2567,19:00,3.89
23/08/2567,18:00,3.51
23/08/2567,17:00,2.83
23/08/2567,16:00,2.19
23/08/2567,15:00,1.52
23/08/2567,14:00,1.47
23/08/2567,13:00,1.63
23/08/2567,12:00,1.9
23/08/2567,11:00,2.32
23/08/2567,10:00,2.93
23/08/2567,9:00,3.43
23/08/2567,8:00,3.69
23/08/2567,7:00,3.79
23/08/2567,6:00,3.54
23/08/2567,5:00,3.26
23/08/2567,4:00,2.75
23/08/2567,3:00,2.45
23/08/2567,2:00,2.41
23/08/2567,1:00,2.53
23/08/2567,0:00,2.95
22/08/2567,23:00,3.4
22/08/2567,22:00,3.84
22/08/2567,21:00,4.16
22/08/2567,20:00,4.16
22/08/2567,19:00,4.01
22/08/2567,18:00,3.64
22/08/2567,17:00,2.99
22/08/2567,16:00,2.19
22/08/2567,15:00,1.5
22/08/2567,14:00,1.18
22/08/2567,13:00,1.32
22/08/2567,12:00,1.54
22/08/2567,11:00,1.87
22/08/2567,10:00,2.33
22/08/2567,9:00,2.79
22/08/2567,8:00,3.2
22/08/2567,7:00,3.5
22/08/2567,6:00,3.47
22/08/2567,5:00,3.37
22/08/2567,4:00,3.01
22/08/2567,3:00,2.69
22/08/2567,2:00,2.48
22/08/2567,1:00,2.58
22/08/2567,0:00,2.81
21/08/2567,23:00,3.2
21/08/2567,22:00,3.61
21/08/2567,21:00,3.93
21/08/2567,20:00,4.05
21/08/2567,19:00,3.91
21/08/2567,18:00,3.62
21/08/2567,17:00,3.1
21/08/2567,16:00,2.37
21/08/2567,15:00,1.49
21/08/2567,14:00,1.04
21/08/2567,13:00,1.11
21/08/2567,12:00,1.25
21/08/2567,11:00,1.46
21/08/2567,10:00,1.72
21/08/2567,9:00,2.13
21/08/2567,8:00,2.59
21/08/2567,7:00,3.04
21/08/2567,6:00,3.31
21/08/2567,5:00,3.34
21/08/2567,4:00,3.3
21/08/2567,3:00,3.03
21/08/2567,2:00,3.05
21/08/2567,1:00,2.94
21/08/2567,0:00,2.99
20/08/2567,23:00,3.29
20/08/2567,22:00,3.58
20/08/2567,21:00,3.93
20/08/2567,20:00,4.2
20/08/2567,19:00,4.15
20/08/2567,18:00,3.89
20/08/2567,17:00,3.48
20/08/2567,16:00,2.93
20/08/2567,15:00,2.22
20/08/2567,14:00,1.55
20/08/2567,13:00,1.15
20/08/2567,12:00,1.16
20/08/2567,11:00,1.31
20/08/2567,10:00,1.51
20/08/2567,9:00,1.77
20/08/2567,8:00,2.12
20/08/2567,7:00,2.63
20/08/2567,6:00,3
20/08/2567,5:00,3.11
20/08/2567,4:00,3.31
20/08/2567,3:00,3.15
20/08/2567,2:00,3.26
20/08/2567,1:00,3.14
20/08/2567,0:00,3.17
19/08/2567,23:00,3.34
19/08/2567,22:00,3.65
19/08/2567,21:00,3.95
19/08/2567,20:00,4.23
19/08/2567,19:00,4.26
19/08/2567,18:00,4.06
19/08/2567,17:00,3.78
19/08/2567,16:00,3.32
19/08/2567,15:00,2.7
19/08/2567,14:00,2.05
19/08/2567,13:00,1.5
19/08/2567,12:00,1.16
19/08/2567,11:00,1.23
19/08/2567,10:00,1.38
19/08/2567,9:00,1.6
19/08/2567,8:00,1.88
19/08/2567,7:00,2.2
19/08/2567,6:00,2.55
19/08/2567,5:00,2.85
19/08/2567,4:00,3.06
19/08/2567,3:00,3.15
19/08/2567,2:00,3.11
19/08/2567,1:00,3.17
19/08/2567,0:00,3.27
18/08/2567,23:00,3.43
18/08/2567,22:00,3.64
18/08/2567,21:00,3.93
18/08/2567,20:00,4.14
18/08/2567,19:00,4.27
18/08/2567,18:00,4.2
18/08/2567,17:00,3.98
18/08/2567,16:00,3.62
18/08/2567,15:00,3.05
18/08/2567,14:00,2.4
18/08/2567,13:00,1.8
18/08/2567,12:00,1.39
18/08/2567,11:00,1.21
18/08/2567,10:00,1.25
18/08/2567,9:00,1.38
18/08/2567,8:00,1.54
18/08/2567,7:00,1.78
18/08/2567,6:00,2.1
18/08/2567,5:00,2.47
18/08/2567,4:00,2.72
18/08/2567,3:00,2.94
18/08/2567,2:00,3.02
18/08/2567,1:00,3.14
18/08/2567,0:00,3.23
17/08/2567,23:00,3.39
17/08/2567,22:00,3.48
17/08/2567,21:00,3.71
17/08/2567,20:00,3.85
17/08/2567,19:00,4.04
17/08/2567,18:00,4.05
17/08/2567,17:00,3.93
17/08/2567,16:00,3.69
17/08/2567,15:00,3.33
17/08/2567,14:00,2.93
17/08/2567,13:00,2.48
17/08/2567,12:00,2
17/08/2567,11:00,1.76
17/08/2567,10:00,1.53
17/08/2567,9:00,1.45
17/08/2567,8:00,1.57
17/08/2567,7:00,1.63
17/08/2567,6:00,1.87
17/08/2567,5:00,2.1
17/08/2567,4:00,2.32
17/08/2567,3:00,2.6
17/08/2567,2:00,2.75
17/08/2567,1:00,2.94
17/08/2567,0:00,3.11
16/08/2567,23:00,3.29
16/08/2567,22:00,3.43
16/08/2567,21:00,3.56
16/08/2567,20:00,3.68
16/08/2567,19:00,3.9
16/08/2567,18:00,3.94
16/08/2567,17:00,3.9
16/08/2567,16:00,3.8
16/08/2567,15:00,3.53
16/08/2567,14:00,3.25
16/08/2567,13:00,2.83
16/08/2567,12:00,2.51
16/08/2567,11:00,2.09
16/08/2567,10:00,1.78
16/08/2567,9:00,1.53
16/08/2567,8:00,1.51
16/08/2567,7:00,1.54
16/08/2567,6:00,1.72
16/08/2567,5:00,1.86
16/08/2567,4:00,2.07
16/08/2567,3:00,2.31
16/08/2567,2:00,2.59
16/08/2567,1:00,2.83
16/08/2567,0:00,3.04
15/08/2567,23:00,3.27
15/08/2567,22:00,3.42
15/08/2567,21:00,3.5
15/08/2567,20:00,3.68
15/08/2567,19:00,3.7
15/08/2567,18:00,3.74
15/08/2567,17:00,3.75
15/08/2567,16:00,3.67
15/08/2567,15:00,3.55
15/08/2567,14:00,3.38
15/08/2567,13:00,3.16
15/08/2567,12:00,2.84
15/08/2567,11:00,2.49
15/08/2567,10:00,2.22
15/08/2567,9:00,1.96
15/08/2567,8:00,1.76
15/08/2567,7:00,1.58
15/08/2567,6:00,1.57
15/08/2567,5:00,1.65
15/08/2567,4:00,1.85
15/08/2567,3:00,2.08
15/08/2567,2:00,2.37
15/08/2567,1:00,2.7
15/08/2567,0:00,2.9
14/08/2567,23:00,3.24
14/08/2567,22:00,3.35
14/08/2567,21:00,3.49
14/08/2567,20:00,3.53
14/08/2567,19:00,3.47
14/08/2567,18:00,3.51
14/08/2567,17:00,3.47
14/08/2567,16:00,3.41
14/08/2567,15:00,3.35
14/08/2567,14:00,3.28
14/08/2567,13:00,3.17
14/08/2567,12:00,3.08
14/08/2567,11:00,2.86
14/08/2567,10:00,2.64
14/08/2567,9:00,2.37
14/08/2567,8:00,2.1
14/08/2567,7:00,1.85
14/08/2567,6:00,1.64
14/08/2567,5:00,1.62
14/08/2567,4:00,1.81
14/08/2567,3:00,2.05
14/08/2567,2:00,2.25
14/08/2567,1:00,2.64
14/08/2567,0:00,2.93
13/08/2567,23:00,3.29
13/08/2567,22:00,3.42
13/08/2567,21:00,3.67
13/08/2567,20:00,3.39
13/08/2567,19:00,3.52
13/08/2567,18:00,3.27
13/08/2567,17:00,3.1
13/08/2567,16:00,3.05
13/08/2567,15:00,2.98
13/08/2567,14:00,3.04
13/08/2567,13:00,3.09
13/08/2567,12:00,3.11
13/08/2567,11:00,3.07
13/08/2567,10:00,2.96
13/08/2567,9:00,2.7
13/08/2567,8:00,2.32
13/08/2567,7:00,2.03
13/08/2567,6:00,1.72
13/08/2567,5:00,1.66
13/08/2567,4:00,1.73
13/08/2567,3:00,1.97
13/08/2567,2:00,2.22
13/08/2567,1:00,2.53
13/08/2567,0:00,3.05
12/8/2567,23:00,3.26
12/8/2567,22:00,3.65
12/8/2567,21:00,3.66
12/8/2567,20:00,3.66
12/8/2567,19:00,3.43
12/8/2567,18:00,3.07
12/8/2567,17:00,2.77
12/8/2567,16:00,2.57
12/8/2567,15:00,2.55
12/8/2567,14:00,2.64
12/8/2567,13:00,2.78
12/8/2567,12:00,2.98
12/8/2567,11:00,3.07
12/8/2567,10:00,3.14
12/8/2567,9:00,3.09
12/8/2567,8:00,2.85
12/8/2567,7:00,2.5
12/8/2567,6:00,2.14
12/8/2567,5:00,1.86
12/8/2567,4:00,1.87
12/8/2567,3:00,2.07
12/8/2567,2:00,2.3
12/8/2567,1:00,2.71
12/8/2567,0:00,3.02
11/8/2567,23:00,3.59
11/8/2567,22:00,3.79
11/8/2567,21:00,3.89
11/8/2567,20:00,3.77
11/8/2567,19:00,3.52
11/8/2567,18:00,3.12
11/8/2567,17:00,2.65
11/8/2567,16:00,2.31
11/8/2567,15:00,2.19
11/8/2567,14:00,2.18
11/8/2567,13:00,2.38
11/8/2567,12:00,2.65
11/8/2567,11:00,2.87
11/8/2567,10:00,3.04
11/8/2567,9:00,3.03
11/8/2567,8:00,2.95
11/8/2567,7:00,2.71
11/8/2567,6:00,2.3
11/8/2567,5:00,1.96
11/8/2567,4:00,1.86
11/8/2567,3:00,2.01
11/8/2567,2:00,2.2
11/8/2567,1:00,2.6
11/8/2567,0:00,3
10/8/2567,23:00,3.4
10/8/2567,22:00,3.66
10/8/2567,21:00,3.77
10/8/2567,20:00,3.71
10/8/2567,19:00,3.41
10/8/2567,18:00,2.95
10/8/2567,17:00,2.44
10/8/2567,16:00,2.09
10/8/2567,15:00,1.87
10/8/2567,14:00,1.89
10/8/2567,13:00,2.07
10/8/2567,12:00,2.38
10/8/2567,11:00,2.73
10/8/2567,10:00,3
10/8/2567,9:00,3.16
10/8/2567,8:00,3.17
10/8/2567,7:00,2.95
10/8/2567,6:00,2.65
10/8/2567,5:00,2.32
10/8/2567,4:00,2.17
10/8/2567,3:00,2.22
10/8/2567,2:00,2.38
10/8/2567,1:00,2.68
10/8/2567,0:00,3.14
9/8/2567,23:00,3.5
9/8/2567,22:00,3.86
9/8/2567,21:00,3.98
9/8/2567,20:00,3.93
9/8/2567,19:00,3.69
9/8/2567,18:00,3.28
9/8/2567,17:00,2.6
9/8/2567,16:00,2.06
9/8/2567,15:00,1.73
9/8/2567,14:00,1.65
9/8/2567,13:00,1.8
9/8/2567,12:00,2.05
9/8/2567,11:00,2.47
9/8/2567,10:00,2.92
9/8/2567,9:00,3.15
9/8/2567,8:00,3.31
9/8/2567,7:00,3.29
9/8/2567,6:00,3.05
9/8/2567,5:00,2.71
9/8/2567,4:00,2.51
9/8/2567,3:00,2.33
9/8/2567,2:00,2.5
9/8/2567,1:00,2.64
9/8/2567,0:00,3.08
8/8/2567,23:00,3.51
8/8/2567,22:00,3.84
8/8/2567,21:00,3.95
8/8/2567,20:00,3.9
8/8/2567,19:00,3.71
8/8/2567,18:00,3.21
8/8/2567,17:00,2.61
8/8/2567,16:00,1.95
8/8/2567,15:00,1.4
8/8/2567,14:00,1.33
8/8/2567,13:00,1.48
8/8/2567,12:00,1.71
8/8/2567,11:00,2.1
8/8/2567,10:00,2.44
8/8/2567,9:00,2.87
8/8/2567,8:00,3.11
8/8/2567,7:00,3.21
8/8/2567,6:00,3.21
8/8/2567,5:00,2.95
8/8/2567,4:00,2.63
8/8/2567,3:00,2.49
8/8/2567,2:00,2.49
8/8/2567,1:00,2.68
8/8/2567,0:00,2.95
7/8/2567,23:00,3.35
7/8/2567,22:00,3.71
7/8/2567,21:00,3.93
7/8/2567,20:00,3.9
7/8/2567,19:00,3.74
7/8/2567,18:00,3.4
7/8/2567,17:00,2.71
7/8/2567,16:00,2
7/8/2567,15:00,1.46
7/8/2567,14:00,1.26
7/8/2567,13:00,1.37
7/8/2567,12:00,1.56
7/8/2567,11:00,1.84
7/8/2567,10:00,2.19
7/8/2567,9:00,2.6
7/8/2567,8:00,2.93
7/8/2567,7:00,3.17
7/8/2567,6:00,3.25
7/8/2567,5:00,3.14
7/8/2567,4:00,2.89
7/8/2567,3:00,2.64
7/8/2567,2:00,2.65
7/8/2567,1:00,2.91
7/8/2567,0:00,3.19
6/8/2567,23:00,3.46
6/8/2567,22:00,3.87
6/8/2567,21:00,4.11
6/8/2567,20:00,4.12
6/8/2567,19:00,3.89
6/8/2567,18:00,3.54
6/8/2567,17:00,2.94
6/8/2567,16:00,2.26
6/8/2567,15:00,1.6
6/8/2567,14:00,1.11
6/8/2567,13:00,1.18
6/8/2567,12:00,1.32
6/8/2567,11:00,1.53
6/8/2567,10:00,1.83
6/8/2567,9:00,2.18
6/8/2567,8:00,2.64
6/8/2567,7:00,2.89
6/8/2567,6:00,3.15
6/8/2567,5:00,3.02
6/8/2567,4:00,2.95
6/8/2567,3:00,2.85
6/8/2567,2:00,2.78
6/8/2567,1:00,2.89
6/8/2567,0:00,3.14
5/8/2567,23:00,3.38
5/8/2567,22:00,3.74
5/8/2567,21:00,3.9
5/8/2567,20:00,4.02
5/8/2567,19:00,3.89
5/8/2567,18:00,3.59
5/8/2567,17:00,3.09
5/8/2567,16:00,2.48
5/8/2567,15:00,1.8
5/8/2567,14:00,1.23
5/8/2567,13:00,1.1
5/8/2567,12:00,1.19
5/8/2567,11:00,1.34
5/8/2567,10:00,1.53
5/8/2567,9:00,1.82
5/8/2567,8:00,2.21
5/8/2567,7:00,2.5
5/8/2567,6:00,2.68
5/8/2567,5:00,2.86
5/8/2567,4:00,2.76
5/8/2567,3:00,2.75
5/8/2567,2:00,2.69
5/8/2567,1:00,2.92
5/8/2567,0:00,2.79
4/8/2567,23:00,3.6
4/8/2567,22:00,3.64
4/8/2567,21:00,3.66
4/8/2567,19:00,4.07
4/8/2567,18:00,3.8
4/8/2567,17:00,3.39
4/8/2567,16:00,2.91
4/8/2567,15:00,2.27
4/8/2567,14:00,1.63
4/8/2567,13:00,1.19
4/8/2567,12:00,1.17
4/8/2567,11:00,1.26
4/8/2567,10:00,1.4
4/8/2567,9:00,1.61
4/8/2567,8:00,1.93
4/8/2567,7:00,2.39
4/8/2567,6:00,2.58
4/8/2567,5:00,2.85
4/8/2567,4:00,2.95
4/8/2567,3:00,3.05
4/8/2567,2:00,2.99
4/8/2567,1:00,3.07
4/8/2567,0:00,3.1
3/8/2567,23:00,3.61
3/8/2567,22:00,3.79
3/8/2567,21:00,3.99
3/8/2567,20:00,4.2
3/8/2567,19:00,4.2
3/8/2567,18:00,4.09
3/8/2567,17:00,3.77
3/8/2567,16:00,3.35
3/8/2567,15:00,2.79
3/8/2567,14:00,2.15
3/8/2567,13:00,1.57
3/8/2567,12:00,1.2
3/8/2567,11:00,1.17
3/8/2567,10:00,1.27
3/8/2567,9:00,1.45
3/8/2567,8:00,1.67
3/8/2567,7:00,1.98
3/8/2567,6:00,2.41
3/8/2567,5:00,2.63
3/8/2567,4:00,2.8
3/8/2567,3:00,2.96
3/8/2567,2:00,3
3/8/2567,1:00,3.06
3/8/2567,0:00,3.17
2/8/2567,23:00,3.4
2/8/2567,22:00,3.51
2/8/2567,21:00,3.68
2/8/2567,20:00,3.94
2/8/2567,19:00,4.05
2/8/2567,18:00,3.99
2/8/2567,17:00,3.77
2/8/2567,16:00,3.44
2/8/2567,15:00,3.07
2/8/2567,14:00,2.53
2/8/2567,13:00,1.89
2/8/2567,12:00,1.46
2/8/2567,11:00,1.26
2/8/2567,10:00,1.18
2/8/2567,9:00,1.27
2/8/2567,8:00,1.44
2/8/2567,7:00,1.63
2/8/2567,6:00,1.91
2/8/2567,5:00,2.19
2/8/2567,4:00,2.43
2/8/2567,3:00,2.71
2/8/2567,2:00,3.04
2/8/2567,1:00,3.1
2/8/2567,0:00,3.27
1/8/2567,23:00,3.36
1/8/2567,22:00,3.57
1/8/2567,21:00,3.69
1/8/2567,20:00,3.8
1/8/2567,19:00,3.89
1/8/2567,18:00,3.91
1/8/2567,17:00,3.88
1/8/2567,16:00,3.64
1/8/2567,15:00,3.39
1/8/2567,14:00,3.04
1/8/2567,13:00,2.63
1/8/2567,12:00,2.22
1/8/2567,11:00,1.79
1/8/2567,10:00,1.5
1/8/2567,9:00,1.39
1/8/2567,8:00,1.43
1/8/2567,7:00,1.52
1/8/2567,6:00,1.73
1/8/2567,5:00,2.01
1/8/2567,4:00,2.33
1/8/2567,3:00,2.61
1/8/2567,2:00,2.82
1/8/2567,1:00,3.04
1/8/2567,0:00,3.23
31/07/2567,23:00,3.37
31/07/2567,22:00,3.44
31/07/2567,21:00,3.5
31/07/2567,20:00,3.64
31/07/2567,19:00,3.74
31/07/2567,18:00,3.8
31/07/2567,17:00,3.78
31/07/2567,16:00,3.79
31/07/2567,15:00,3.58
31/07/2567,14:00,3.42
31/07/2567,13:00,3.14
31/07/2567,12:00,2.76
31/07/2567,11:00,2.29
31/07/2567,10:00,1.99
31/07/2567,9:00,1.63
31/07/2567,8:00,1.57
31/07/2567,7:00,1.51
31/07/2567,6:00,1.65
31/07/2567,5:00,1.82
31/07/2567,4:00,2.07
31/07/2567,3:00,2.44
31/07/2567,2:00,2.72
31/07/2567,1:00,3.02
31/07/2567,0:00,3.24
30/07/2567,23:00,3.48
30/07/2567,22:00,3.53
30/07/2567,21:00,3.52
30/07/2567,20:00,3.4
30/07/2567,19:00,3.36
30/07/2567,18:00,3.3
30/07/2567,17:00,3.31
30/07/2567,16:00,3.27
30/07/2567,15:00,3.29
30/07/2567,14:00,3.26
30/07/2567,13:00,3.19
30/07/2567,12:00,3.01
30/07/2567,11:00,2.82
30/07/2567,10:00,2.42
30/07/2567,9:00,2.15
30/07/2567,8:00,1.76
30/07/2567,7:00,1.52
30/07/2567,6:00,1.5
30/07/2567,5:00,1.56
30/07/2567,4:00,1.89
30/07/2567,3:00,2.19
30/07/2567,2:00,2.46
30/07/2567,1:00,2.89
30/07/2567,0:00,3.13
29/07/2567,23:00,3.42
29/07/2567,22:00,3.6
29/07/2567,21:00,3.58
29/07/2567,20:00,3.28
29/07/2567,19:00,3.39
29/07/2567,18:00,3.11
29/07/2567,17:00,2.96
29/07/2567,16:00,2.96
29/07/2567,15:00,2.99
29/07/2567,14:00,3.11
29/07/2567,13:00,3.13
29/07/2567,12:00,3.18
29/07/2567,11:00,3.17
29/07/2567,10:00,3
29/07/2567,9:00,2.68
29/07/2567,8:00,2.29
29/07/2567,7:00,2.02
29/07/2567,6:00,1.66
29/07/2567,5:00,1.79
29/07/2567,4:00,1.96
29/07/2567,3:00,2.27
29/07/2567,2:00,2.63
29/07/2567,1:00,2.94
29/07/2567,0:00,3.53
28/07/2567,23:00,3.87
28/07/2567,22:00,4.01
28/07/2567,21:00,3.9
28/07/2567,20:00,3.66
28/07/2567,19:00,3.27
28/07/2567,18:00,2.88
28/07/2567,17:00,2.54
28/07/2567,16:00,2.35
28/07/2567,15:00,2.34
28/07/2567,14:00,2.62
28/07/2567,13:00,2.83
28/07/2567,12:00,3.03
28/07/2567,11:00,3.19
28/07/2567,10:00,3.21
28/07/2567,9:00,2.96
28/07/2567,8:00,2.66
28/07/2567,7:00,2.28
28/07/2567,6:00,1.95
28/07/2567,5:00,1.82
28/07/2567,4:00,1.91
28/07/2567,3:00,2.12
28/07/2567,2:00,2.65
28/07/2567,1:00,3.01
28/07/2567,0:00,3.56
27/07/2567,23:00,3.94
27/07/2567,22:00,4.03
27/07/2567,21:00,3.99
27/07/2567,20:00,3.69
27/07/2567,19:00,3.3
27/07/2567,18:00,2.68
27/07/2567,17:00,2.33
27/07/2567,16:00,1.97
27/07/2567,15:00,1.81
27/07/2567,14:00,2.01
27/07/2567,13:00,2.29
27/07/2567,12:00,2.62
27/07/2567,11:00,2.97
27/07/2567,10:00,3.2
27/07/2567,9:00,3.29
27/07/2567,8:00,3.2
27/07/2567,7:00,2.88
27/07/2567,6:00,2.54
27/07/2567,5:00,2.2
27/07/2567,4:00,2.22
27/07/2567,3:00,2.4
27/07/2567,2:00,2.62
27/07/2567,1:00,3.03
27/07/2567,0:00,3.53
26/07/2567,23:00,3.87
26/07/2567,22:00,3.99
26/07/2567,21:00,3.96
26/07/2567,20:00,3.74
26/07/2567,19:00,3.3
26/07/2567,18:00,2.57
26/07/2567,17:00,1.96
26/07/2567,16:00,1.5
26/07/2567,15:00,1.37
26/07/2567,14:00,1.51
26/07/2567,13:00,1.78
26/07/2567,12:00,2.09
26/07/2567,11:00,2.52
26/07/2567,10:00,2.9
26/07/2567,9:00,3.17
26/07/2567,8:00,3.29
26/07/2567,7:00,3.27
26/07/2567,6:00,3.04
26/07/2567,5:00,2.71
26/07/2567,4:00,2.6
26/07/2567,3:00,2.59
26/07/2567,2:00,2.85
26/07/2567,1:00,3.19
26/07/2567,0:00,3.53
25/07/2567,23:00,4.03
25/07/2567,22:00,4.07
25/07/2567,21:00,4.01
25/07/2567,20:00,3.81
25/07/2567,19:00,3.41
25/07/2567,18:00,2.78
25/07/2567,17:00,2.02
25/07/2567,16:00,1.44
25/07/2567,15:00,1.17
25/07/2567,14:00,1.24
25/07/2567,13:00,1.44
25/07/2567,12:00,1.71
25/07/2567,11:00,2.05
25/07/2567,10:00,2.56
25/07/2567,9:00,2.97
25/07/2567,8:00,3.31
25/07/2567,7:00,3.36
25/07/2567,6:00,3.32
25/07/2567,5:00,3.15
25/07/2567,4:00,2.92
25/07/2567,3:00,2.94
25/07/2567,2:00,2.95
25/07/2567,1:00,3.08
25/07/2567,0:00,3.35
24/07/2567,23:00,3.81
24/07/2567,22:00,3.98
24/07/2567,21:00,3.92
24/07/2567,20:00,3.82
24/07/2567,19:00,3.6
24/07/2567,18:00,3.08
24/07/2567,17:00,2.29
24/07/2567,16:00,1.68
24/07/2567,15:00,1.17
24/07/2567,14:00,1.12
24/07/2567,13:00,1.28
24/07/2567,12:00,1.54
24/07/2567,11:00,1.87
24/07/2567,10:00,2.08
24/07/2567,9:00,2.33
24/07/2567,8:00,2.86
24/07/2567,7:00,3.16
24/07/2567,6:00,3.32
24/07/2567,5:00,3.12
24/07/2567,4:00,3.06
24/07/2567,3:00,2.82
24/07/2567,2:00,3.05
24/07/2567,1:00,3.1
24/07/2567,0:00,3.34
23/07/2567,23:00,3.6
23/07/2567,22:00,4.02
23/07/2567,21:00,4.14
23/07/2567,20:00,3.97
23/07/2567,19:00,3.88
23/07/2567,18:00,3.46
23/07/2567,17:00,2.82
23/07/2567,16:00,1.98
23/07/2567,15:00,1.36
23/07/2567,14:00,1.1
23/07/2567,13:00,1.16
23/07/2567,12:00,1.31
23/07/2567,11:00,1.53
23/07/2567,10:00,1.81
23/07/2567,9:00,2.19
23/07/2567,8:00,2.6
23/07/2567,7:00,3
23/07/2567,6:00,3.24
23/07/2567,5:00,3.31
23/07/2567,4:00,3.24
23/07/2567,3:00,3.2
23/07/2567,2:00,3.22
23/07/2567,1:00,3.29
23/07/2567,0:00,3.48
22/07/2567,23:00,3.69
22/07/2567,22:00,4.05
22/07/2567,21:00,4.24
22/07/2567,20:00,4.26
22/07/2567,19:00,4.03
22/07/2567,18:00,3.7
22/07/2567,17:00,3.18
22/07/2567,16:00,2.48
22/07/2567,15:00,1.76
22/07/2567,14:00,1.08
22/07/2567,13:00,0.96
22/07/2567,12:00,1.04
22/07/2567,11:00,1.17
22/07/2567,10:00,1.37
22/07/2567,9:00,1.63
22/07/2567,8:00,2.1
22/07/2567,7:00,2.46
22/07/2567,6:00,2.77
22/07/2567,5:00,2.96
22/07/2567,4:00,3.08
22/07/2567,3:00,3.08
22/07/2567,2:00,3.03
22/07/2567,1:00,3.07
22/07/2567,0:00,3.18
21/07/2567,23:00,3.43
21/07/2567,22:00,3.62
21/07/2567,21:00,3.91
21/07/2567,20:00,4.04
21/07/2567,19:00,4.05
21/07/2567,18:00,3.9
21/07/2567,17:00,3.5
21/07/2567,16:00,2.94
21/07/2567,15:00,2.28
21/07/2567,14:00,1.7
21/07/2567,13:00,1.16
21/07/2567,12:00,1.04
21/07/2567,11:00,1.17
21/07/2567,10:00,1.33
21/07/2567,9:00,1.58
21/07/2567,8:00,1.81
21/07/2567,7:00,2.22
21/07/2567,6:00,2.53
21/07/2567,5:00,2.82
21/07/2567,4:00,3
21/07/2567,3:00,3
21/07/2567,2:00,3.13
21/07/2567,1:00,3.28
21/07/2567,0:00,3.37
20/07/2567,23:00,3.51
20/07/2567,22:00,3.7
20/07/2567,21:00,3.96
20/07/2567,20:00,4.14
20/07/2567,19:00,4.2
20/07/2567,18:00,4.06
20/07/2567,17:00,3.85
20/07/2567,16:00,3.32
20/07/2567,15:00,2.81
20/07/2567,14:00,2.15
20/07/2567,13:00,1.65
20/07/2567,12:00,1.28
20/07/2567,11:00,1.19
20/07/2567,10:00,1.31
20/07/2567,9:00,1.47
20/07/2567,8:00,1.58
20/07/2567,7:00,1.87
20/07/2567,6:00,2.27
20/07/2567,5:00,2.5
20/07/2567,4:00,2.75
20/07/2567,3:00,3
20/07/2567,2:00,3.04
20/07/2567,1:00,3.17
20/07/2567,0:00,3.25
19/07/2567,23:00,3.38
19/07/2567,22:00,3.5
19/07/2567,21:00,3.63
19/07/2567,20:00,3.84
19/07/2567,19:00,3.89
19/07/2567,18:00,3.94
19/07/2567,17:00,3.79
19/07/2567,16:00,3.56
19/07/2567,15:00,3.2
19/07/2567,14:00,2.72
19/07/2567,13:00,2.3
19/07/2567,12:00,1.83
19/07/2567,11:00,1.69
19/07/2567,10:00,1.47
19/07/2567,9:00,1.45
19/07/2567,8:00,1.61
19/07/2567,7:00,1.85
19/07/2567,6:00,2.16
19/07/2567,5:00,2.33
19/07/2567,4:00,2.49
19/07/2567,3:00,2.73
19/07/2567,2:00,2.94
19/07/2567,1:00,3.17
19/07/2567,0:00,3.27
18/07/2567,23:00,3.37
18/07/2567,22:00,3.58
18/07/2567,21:00,3.79
18/07/2567,20:00,3.78
18/07/2567,19:00,3.81
18/07/2567,18:00,3.77
18/07/2567,17:00,3.75
18/07/2567,16:00,3.45
18/07/2567,15:00,3.16
18/07/2567,14:00,3
18/07/2567,13:00,2.62
18/07/2567,12:00,2.24
18/07/2567,11:00,1.8
18/07/2567,10:00,1.61
18/07/2567,9:00,1.44
18/07/2567,8:00,1.33
18/07/2567,7:00,1.42
18/07/2567,6:00,1.65
18/07/2567,5:00,1.85
18/07/2567,4:00,2.13
18/07/2567,3:00,2.49
18/07/2567,2:00,2.88
18/07/2567,1:00,3.12
18/07/2567,0:00,3.28
17/07/2567,23:00,3.4
17/07/2567,22:00,3.58
17/07/2567,21:00,3.6
17/07/2567,20:00,3.55
17/07/2567,19:00,3.32
17/07/2567,18:00,3.58
17/07/2567,17:00,3.27
17/07/2567,16:00,3.15
17/07/2567,15:00,3.03
17/07/2567,14:00,2.91
17/07/2567,13:00,2.75
17/07/2567,12:00,2.52
17/07/2567,11:00,2.18
17/07/2567,10:00,1.96
17/07/2567,9:00,2.01
17/07/2567,8:00,1.76
17/07/2567,7:00,1.66
17/07/2567,6:00,1.79
17/07/2567,5:00,1.93
17/07/2567,4:00,2.19
17/07/2567,3:00,2.58
17/07/2567,2:00,2.89
17/07/2567,1:00,3.28
17/07/2567,0:00,3.35
16/07/2567,23:00,3.37
16/07/2567,22:00,3.46
16/07/2567,21:00,3.39
16/07/2567,20:00,3.29
16/07/2567,19:00,3.13
16/07/2567,18:00,3.04
16/07/2567,17:00,3.05
16/07/2567,16:00,2.98
16/07/2567,14:00,2.9
16/07/2567,13:00,2.79
16/07/2567,12:00,2.62
16/07/2567,11:00,2.42
16/07/2567,10:00,2.29
16/07/2567,9:00,2.05
16/07/2567,8:00,1.75
16/07/2567,7:00,1.73
16/07/2567,6:00,1.96
16/07/2567,5:00,1.99
16/07/2567,4:00,2.18
16/07/2567,3:00,2.5
16/07/2567,2:00,2.94
16/07/2567,1:00,3.1
16/07/2567,0:00,3.44
15/07/2567,23:00,3.47
15/07/2567,22:00,3.41
15/07/2567,21:00,3.48
15/07/2567,20:00,3.12
15/07/2567,19:00,2.74
15/07/2567,18:00,2.67
15/07/2567,17:00,2.61
15/07/2567,16:00,2.56
15/07/2567,15:00,2.57
15/07/2567,14:00,2.57
15/07/2567,13:00,2.86
15/07/2567,12:00,2.77
15/07/2567,11:00,2.7
15/07/2567,10:00,2.4
15/07/2567,9:00,2.31
15/07/2567,8:00,2
15/07/2567,7:00,1.83
15/07/2567,6:00,1.73
15/07/2567,5:00,1.74
15/07/2567,4:00,1.92
15/07/2567,3:00,2.23
15/07/2567,2:00,2.57
15/07/2567,1:00,2.85
15/07/2567,0:00,3.22
14/07/2567,23:00,3.44
14/07/2567,22:00,3.49
14/07/2567,21:00,3.46
14/07/2567,20:00,3.27
14/07/2567,19:00,3.15
14/07/2567,18:00,2.68
14/07/2567,17:00,2.48
14/07/2567,16:00,2.19
14/07/2567,15:00,2.17
14/07/2567,14:00,2.29
14/07/2567,13:00,2.47
14/07/2567,12:00,2.75
14/07/2567,11:00,2.81
14/07/2567,10:00,2.84
14/07/2567,9:00,2.67
14/07/2567,8:00,2.53
14/07/2567,7:00,2.11
14/07/2567,6:00,2.18
14/07/2567,5:00,1.97
14/07/2567,4:00,2.18
14/07/2567,3:00,2.43
14/07/2567,2:00,2.85
14/07/2567,1:00,3.21
14/07/2567,0:00,3.49
13/07/2567,23:00,3.65
13/07/2567,22:00,3.88
13/07/2567,21:00,3.68
13/07/2567,20:00,3.36
13/07/2567,19:00,2.97
13/07/2567,18:00,2.46
13/07/2567,17:00,1.97
13/07/2567,16:00,1.63
13/07/2567,15:00,1.66
13/07/2567,14:00,1.88
13/07/2567,13:00,2.19
13/07/2567,12:00,2.42
13/07/2567,11:00,2.63
13/07/2567,10:00,2.82
13/07/2567,9:00,2.79
13/07/2567,8:00,2.63
13/07/2567,7:00,2.33
13/07/2567,6:00,2.15
13/07/2567,5:00,2.05
13/07/2567,4:00,2.15
13/07/2567,3:00,2.21
13/07/2567,2:00,2.47
13/07/2567,1:00,2.95
13/07/2567,0:00,3.35
12/7/2567,23:00,3.57
12/7/2567,22:00,3.78
12/7/2567,21:00,3.7
12/7/2567,20:00,3.35
12/7/2567,19:00,2.91
12/7/2567,18:00,2.35
12/7/2567,17:00,1.84
12/7/2567,16:00,1.53
12/7/2567,15:00,1.36
12/7/2567,14:00,1.46
12/7/2567,13:00,1.79
12/7/2567,12:00,2.14
12/7/2567,11:00,2.36
12/7/2567,10:00,2.72
12/7/2567,9:00,2.92
12/7/2567,8:00,2.98
12/7/2567,7:00,2.91
12/7/2567,6:00,2.72
12/7/2567,5:00,2.47
12/7/2567,4:00,2.51
12/7/2567,3:00,2.5
12/7/2567,2:00,2.64
12/7/2567,1:00,2.94
12/7/2567,0:00,3.35
11/7/2567,23:00,3.62
11/7/2567,22:00,3.79
11/7/2567,21:00,3.67
11/7/2567,20:00,3.67
11/7/2567,19:00,3.11
11/7/2567,18:00,2.55
11/7/2567,17:00,1.87
11/7/2567,16:00,1.42
11/7/2567,15:00,1.22
11/7/2567,14:00,1.29
11/7/2567,13:00,1.48
11/7/2567,12:00,1.71
11/7/2567,11:00,2.06
11/7/2567,10:00,2.59
11/7/2567,9:00,2.8
11/7/2567,8:00,2.8
11/7/2567,7:00,2.92
11/7/2567,6:00,2.78
11/7/2567,5:00,2.74
11/7/2567,4:00,2.56
11/7/2567,3:00,2.53
11/7/2567,2:00,2.78
11/7/2567,1:00,3.21
11/7/2567,0:00,3.52
10/7/2567,23:00,3.78
10/7/2567,22:00,3.86
10/7/2567,21:00,3.94
10/7/2567,20:00,3.66
10/7/2567,19:00,3.18
10/7/2567,18:00,2.56
10/7/2567,17:00,1.92
10/7/2567,16:00,1.29
10/7/2567,15:00,1.1
10/7/2567,14:00,1.21
10/7/2567,13:00,1.41
10/7/2567,12:00,1.65
10/7/2567,11:00,2
10/7/2567,10:00,2.36
10/7/2567,9:00,2.87
10/7/2567,8:00,3.1
10/7/2567,7:00,3.18
10/7/2567,6:00,3.27
10/7/2567,5:00,3.04
10/7/2567,4:00,2.79
10/7/2567,3:00,2.83
10/7/2567,2:00,2.97
10/7/2567,1:00,3.13
10/7/2567,0:00,3.43
9/7/2567,23:00,3.77
9/7/2567,22:00,4.07
9/7/2567,21:00,4.04
9/7/2567,20:00,3.86
9/7/2567,19:00,3.43
9/7/2567,18:00,2.83
9/7/2567,17:00,2.2
9/7/2567,16:00,1.57
9/7/2567,15:00,1.09
9/7/2567,14:00,1.11
9/7/2567,13:00,1.25
9/7/2567,12:00,1.45
9/7/2567,11:00,1.71
9/7/2567,10:00,2.03
9/7/2567,9:00,2.47
9/7/2567,8:00,2.89
9/7/2567,7:00,3.11
9/7/2567,6:00,3.23
9/7/2567,5:00,3.24
9/7/2567,4:00,3.09
9/7/2567,3:00,3.07
9/7/2567,2:00,3.02
9/7/2567,1:00,3.3
9/7/2567,0:00,3.52
8/7/2567,23:00,3.84
8/7/2567,22:00,4.07
8/7/2567,21:00,4.11
8/7/2567,20:00,3.93
8/7/2567,19:00,3.65
8/7/2567,18:00,3.17
8/7/2567,17:00,2.5
8/7/2567,16:00,1.82
8/7/2567,15:00,1.19
8/7/2567,14:00,1
8/7/2567,13:00,1.1
8/7/2567,12:00,1.26
8/7/2567,11:00,1.5
8/7/2567,10:00,1.79
8/7/2567,9:00,2.23
8/7/2567,8:00,2.54
8/7/2567,7:00,2.85
8/7/2567,6:00,3.12
8/7/2567,5:00,3.27
8/7/2567,4:00,3.16
8/7/2567,3:00,3.03
8/7/2567,2:00,3.13
8/7/2567,1:00,3.24
8/7/2567,0:00,3.44
7/7/2567,23:00,3.66
7/7/2567,22:00,3.92
7/7/2567,21:00,4.1
7/7/2567,20:00,4.07
7/7/2567,19:00,3.86
7/7/2567,18:00,3.46
7/7/2567,17:00,2.8
7/7/2567,16:00,2.12
7/7/2567,15:00,1.48
7/7/2567,14:00,1
7/7/2567,13:00,1.02
7/7/2567,12:00,1.15
7/7/2567,11:00,1.31
7/7/2567,10:00,1.54
7/7/2567,9:00,1.86
7/7/2567,8:00,2.24
7/7/2567,7:00,2.58
7/7/2567,6:00,2.94
7/7/2567,5:00,3.08
7/7/2567,4:00,3.15
7/7/2567,3:00,3.07
7/7/2567,2:00,3.12
7/7/2567,1:00,3.2
7/7/2567,0:00,3.44
6/7/2567,23:00,3.64
6/7/2567,22:00,3.97
6/7/2567,21:00,4.05
6/7/2567,20:00,4.25
6/7/2567,19:00,3.98
6/7/2567,18:00,3.62
6/7/2567,17:00,3.1
6/7/2567,16:00,2.44
6/7/2567,15:00,1.67
6/7/2567,14:00,1.06
6/7/2567,13:00,0.88
6/7/2567,12:00,0.96
6/7/2567,11:00,1.08
6/7/2567,10:00,1.25
6/7/2567,9:00,1.54
6/7/2567,8:00,1.86
6/7/2567,7:00,2.18
6/7/2567,6:00,2.52
6/7/2567,5:00,2.74
6/7/2567,4:00,2.95
6/7/2567,3:00,2.98
6/7/2567,2:00,2.98
6/7/2567,1:00,3.05
6/7/2567,0:00,3.12
5/7/2567,23:00,3.35
5/7/2567,22:00,3.62
5/7/2567,21:00,3.93
5/7/2567,20:00,4.06
5/7/2567,19:00,4.08
5/7/2567,18:00,3.89
5/7/2567,17:00,3.61
5/7/2567,16:00,3.12
5/7/2567,15:00,2.52
5/7/2567,14:00,1.86
5/7/2567,13:00,1.33
5/7/2567,12:00,0.95
5/7/2567,11:00,1.01
5/7/2567,10:00,1.14
5/7/2567,9:00,1.32
5/7/2567,8:00,1.55
5/7/2567,7:00,1.81
5/7/2567,6:00,2.12
5/7/2567,5:00,2.47
5/7/2567,4:00,2.83
5/7/2567,3:00,2.92
5/7/2567,2:00,3.14
5/7/2567,1:00,3.07
5/7/2567,0:00,3.45
4/7/2567,23:00,3.34
4/7/2567,22:00,3.47
4/7/2567,21:00,3.72
4/7/2567,20:00,3.84
4/7/2567,19:00,4.04
4/7/2567,18:00,4
4/7/2567,17:00,3.79
4/7/2567,16:00,3.55
4/7/2567,15:00,3.09
4/7/2567,14:00,2.45
4/7/2567,13:00,1.84
4/7/2567,12:00,1.28
4/7/2567,11:00,1.11
4/7/2567,10:00,1.11
4/7/2567,9:00,1.23
4/7/2567,8:00,1.42
4/7/2567,7:00,1.7
4/7/2567,6:00,2
4/7/2567,5:00,2.36
4/7/2567,4:00,2.67
4/7/2567,3:00,2.99
4/7/2567,2:00,3.15
4/7/2567,1:00,3.2
4/7/2567,0:00,3.2
3/7/2567,23:00,3.2
3/7/2567,22:00,3.26
3/7/2567,20:00,3.53
3/7/2567,19:00,3.6
3/7/2567,18:00,3.7
3/7/2567,17:00,3.71
3/7/2567,16:00,3.6
3/7/2567,15:00,3.33
3/7/2567,14:00,3
3/7/2567,13:00,2.61
3/7/2567,12:00,2.14
3/7/2567,11:00,1.66
3/7/2567,10:00,1.37
3/7/2567,9:00,1.26
3/7/2567,8:00,1.38
3/7/2567,7:00,1.6
3/7/2567,6:00,1.89
3/7/2567,5:00,2.24
3/7/2567,4:00,2.63
3/7/2567,3:00,2.99
3/7/2567,2:00,3.29
3/7/2567,1:00,3.58
3/7/2567,0:00,3.7
2/7/2567,23:00,3.63
2/7/2567,22:00,3.54
2/7/2567,21:00,3.38
2/7/2567,20:00,3.31
2/7/2567,19:00,3.35
2/7/2567,18:00,3.38
2/7/2567,17:00,3.46
2/7/2567,16:00,3.48
2/7/2567,15:00,3.37
2/7/2567,14:00,3.18
2/7/2567,13:00,2.88
2/7/2567,12:00,2.49
2/7/2567,11:00,1.94
2/7/2567,10:00,1.54
2/7/2567,9:00,1.23
2/7/2567,8:00,1.23
2/7/2567,7:00,1.37
2/7/2567,6:00,1.58
2/7/2567,5:00,1.87
2/7/2567,4:00,2.25
2/7/2567,3:00,2.66
2/7/2567,2:00,2.92
2/7/2567,1:00,3.24
2/7/2567,0:00,3.25
1/7/2567,23:00,3.28
1/7/2567,22:00,3.05
1/7/2567,21:00,2.89
1/7/2567,20:00,2.64
1/7/2567,19:00,2.54
1/7/2567,18:00,2.46
1/7/2567,17:00,2.59
1/7/2567,16:00,2.72
1/7/2567,15:00,2.78
1/7/2567,14:00,2.77
1/7/2567,13:00,2.72
1/7/2567,12:00,2.46
1/7/2567,11:00,2.2
1/7/2567,10:00,1.96
1/7/2567,9:00,1.67
1/7/2567,8:00,1.51
1/7/2567,7:00,1.58
1/7/2567,6:00,1.73
1/7/2567,5:00,2.03
1/7/2567,4:00,2.31
1/7/2567,3:00,2.69
1/7/2567,2:00,3.18
1/7/2567,1:00,3.48
1/7/2567,0:00,3.56
30/06/2567,23:00,3.7
30/06/2567,22:00,3.24
30/06/2567,21:00,3.36
30/06/2567,20:00,2.98
30/06/2567,19:00,2.65
30/06/2567,18:00,2.25
30/06/2567,17:00,2.02
30/06/2567,16:00,2.16
30/06/2567,15:00,2.3
30/06/2567,14:00,2.53
30/06/2567,13:00,2.64
30/06/2567,12:00,2.72
30/06/2567,11:00,2.88
30/06/2567,10:00,2.68
30/06/2567,9:00,2.43
30/06/2567,8:00,2.23
30/06/2567,7:00,2.02
30/06/2567,6:00,2.07
30/06/2567,5:00,2.25
30/06/2567,4:00,2.47
30/06/2567,3:00,2.83
30/06/2567,2:00,3.28
30/06/2567,1:00,3.63
30/06/2567,0:00,3.88
29/06/2567,23:00,3.97
29/06/2567,22:00,3.79
29/06/2567,21:00,3.49
29/06/2567,20:00,2.99
29/06/2567,19:00,2.49
29/06/2567,18:00,2
29/06/2567,17:00,1.71
29/06/2567,16:00,1.68
29/06/2567,15:00,1.87
29/06/2567,14:00,2.08
29/06/2567,13:00,2.34
29/06/2567,12:00,2.67
29/06/2567,11:00,2.89
29/06/2567,10:00,3.09
29/06/2567,9:00,2.9
29/06/2567,8:00,2.75
29/06/2567,7:00,2.47
29/06/2567,6:00,2.33
29/06/2567,5:00,2.41
29/06/2567,4:00,2.49
29/06/2567,3:00,2.79
29/06/2567,2:00,3.24
29/06/2567,1:00,3.57
29/06/2567,0:00,3.88
28/06/2567,23:00,3.99
28/06/2567,22:00,3.89
28/06/2567,21:00,3.58
28/06/2567,20:00,3.06
28/06/2567,19:00,2.51
28/06/2567,18:00,1.97
28/06/2567,17:00,1.54
28/06/2567,16:00,1.34
28/06/2567,15:00,1.4
28/06/2567,14:00,1.61
28/06/2567,13:00,1.85
28/06/2567,12:00,2.22
28/06/2567,11:00,2.49
28/06/2567,10:00,2.81
28/06/2567,9:00,2.92
28/06/2567,8:00,2.94
28/06/2567,7:00,2.87
28/06/2567,6:00,2.78
28/06/2567,5:00,2.79
28/06/2567,4:00,2.88
28/06/2567,3:00,3.01
28/06/2567,2:00,3.31
28/06/2567,1:00,3.69
28/06/2567,0:00,3.93
27/06/2567,23:00,4.07
27/06/2567,22:00,3.91
27/06/2567,21:00,3.69
27/06/2567,20:00,3.31
27/06/2567,19:00,2.69
27/06/2567,18:00,2.03
27/06/2567,17:00,1.47
27/06/2567,16:00,1.14
27/06/2567,15:00,1.19
27/06/2567,14:00,1.38
27/06/2567,13:00,1.64
27/06/2567,12:00,1.95
27/06/2567,11:00,2.28
27/06/2567,10:00,2.65
27/06/2567,9:00,2.96
27/06/2567,8:00,3.15
27/06/2567,7:00,3.16
27/06/2567,6:00,3.07
27/06/2567,5:00,3.02
27/06/2567,4:00,3.06
27/06/2567,3:00,3.09
27/06/2567,2:00,3.29
27/06/2567,1:00,3.5
27/06/2567,0:00,3.81
26/06/2567,23:00,4.03
26/06/2567,22:00,4.01
26/06/2567,21:00,3.85
26/06/2567,20:00,3.5
26/06/2567,19:00,3.01
26/06/2567,18:00,2.37
26/06/2567,17:00,1.57
26/06/2567,16:00,1.09
26/06/2567,15:00,1.09
26/06/2567,14:00,1.22
26/06/2567,13:00,1.44
26/06/2567,12:00,1.73
26/06/2567,11:00,2.08
26/06/2567,10:00,2.44
26/06/2567,9:00,2.8
26/06/2567,8:00,3.14
26/06/2567,7:00,3.25
26/06/2567,6:00,3.41
26/06/2567,5:00,3.18
26/06/2567,4:00,3.2
26/06/2567,3:00,3.07
26/06/2567,2:00,3.03
26/06/2567,1:00,3.33
26/06/2567,0:00,3.58
25/06/2567,23:00,3.81
25/06/2567,22:00,4.11
25/06/2567,21:00,3.68
25/06/2567,20:00,4.09
25/06/2567,19:00,3.33
25/06/2567,18:00,2.69
25/06/2567,17:00,2.07
25/06/2567,16:00,1.94
25/06/2567,15:00,1.03
25/06/2567,14:00,1.08
25/06/2567,13:00,1.26
25/06/2567,12:00,1.51
25/06/2567,11:00,1.84
25/06/2567,10:00,2.16
25/06/2567,9:00,2.49
25/06/2567,8:00,2.85
25/06/2567,7:00,3.12
25/06/2567,6:00,3.28
25/06/2567,5:00,3.12
25/06/2567,4:00,3.09
25/06/2567,3:00,3.03
25/06/2567,2:00,3.28
25/06/2567,1:00,3.28
25/06/2567,0:00,3.62
24/06/2567,23:00,3.97
24/06/2567,22:00,4.32
24/06/2567,21:00,4.34
24/06/2567,20:00,4.11
24/06/2567,19:00,3.83
24/06/2567,18:00,3.39
24/06/2567,17:00,2.57
24/06/2567,16:00,1.81
24/06/2567,15:00,1.23
24/06/2567,14:00,0.97
24/06/2567,13:00,1.07
24/06/2567,12:00,1.24
24/06/2567,11:00,1.5
24/06/2567,10:00,1.81
24/06/2567,9:00,2.12
24/06/2567,8:00,2.51
24/06/2567,7:00,2.93
24/06/2567,6:00,3.23
24/06/2567,5:00,3.22
24/06/2567,4:00,3.21
24/06/2567,3:00,3.1
24/06/2567,2:00,3.11
24/06/2567,1:00,3.03
24/06/2567,0:00,3.35
23/06/2567,23:00,3.63
23/06/2567,22:00,3.87
23/06/2567,21:00,4.17
23/06/2567,20:00,4
23/06/2567,19:00,3.95
23/06/2567,18:00,3.5
23/06/2567,17:00,2.84
23/06/2567,16:00,2
23/06/2567,15:00,1.34
23/06/2567,14:00,0.87
23/06/2567,13:00,0.91
23/06/2567,12:00,1.01
23/06/2567,11:00,1.17
23/06/2567,10:00,1.39
23/06/2567,9:00,1.71
23/06/2567,8:00,2.1
23/06/2567,7:00,2.5
23/06/2567,6:00,2.8
23/06/2567,5:00,3.09
23/06/2567,4:00,3.13
23/06/2567,3:00,3.05
23/06/2567,2:00,3.04
23/06/2567,1:00,3.01
23/06/2567,0:00,3.09
22/06/2567,23:00,3.34
22/06/2567,22:00,3.65
22/06/2567,21:00,3.96
22/06/2567,20:00,4.04
22/06/2567,19:00,3.94
22/06/2567,18:00,3.68
22/06/2567,17:00,3.23
22/06/2567,16:00,2.58
22/06/2567,15:00,1.88
22/06/2567,14:00,1.27
22/06/2567,13:00,0.89
22/06/2567,12:00,0.95
22/06/2567,11:00,1.1
22/06/2567,10:00,1.29
22/06/2567,9:00,1.55
22/06/2567,8:00,1.82
22/06/2567,7:00,2.23
22/06/2567,6:00,2.49
22/06/2567,5:00,2.69
22/06/2567,4:00,2.86
22/06/2567,3:00,2.87
22/06/2567,2:00,2.85
22/06/2567,1:00,2.83
22/06/2567,0:00,2.89
21/06/2567,23:00,3.22
21/06/2567,22:00,3.52
21/06/2567,21:00,3.68
21/06/2567,20:00,3.87
21/06/2567,19:00,3.95
21/06/2567,18:00,3.75
21/06/2567,17:00,3.48
21/06/2567,16:00,2.96
21/06/2567,15:00,2.31
21/06/2567,14:00,1.65
21/06/2567,13:00,1.07
21/06/2567,12:00,0.91
21/06/2567,11:00,1
21/06/2567,10:00,1.16
21/06/2567,9:00,1.38
21/06/2567,8:00,1.62
21/06/2567,7:00,1.96
21/06/2567,6:00,2.25
21/06/2567,5:00,2.52
21/06/2567,4:00,2.64
21/06/2567,3:00,2.75
21/06/2567,2:00,2.78
21/06/2567,1:00,2.65
21/06/2567,0:00,2.63
20/06/2567,23:00,2.97
20/06/2567,22:00,3.01
20/06/2567,21:00,3.25
20/06/2567,20:00,3.5
20/06/2567,19:00,3.6
20/06/2567,18:00,3.62
20/06/2567,17:00,3.42
20/06/2567,16:00,3.08
20/06/2567,15:00,2.57
20/06/2567,14:00,2.05
20/06/2567,13:00,1.53
20/06/2567,12:00,1.15
20/06/2567,11:00,1.1
20/06/2567,10:00,1.17
20/06/2567,9:00,1.33
20/06/2567,8:00,1.57
20/06/2567,7:00,1.79
20/06/2567,6:00,2.11
20/06/2567,5:00,2.36
20/06/2567,4:00,2.61
20/06/2567,3:00,2.84
20/06/2567,2:00,2.93
20/06/2567,1:00,2.96
20/06/2567,0:00,2.88
19/06/2567,23:00,3.01
19/06/2567,22:00,3.05
19/06/2567,21:00,3.19
19/06/2567,20:00,3.34
19/06/2567,19:00,3.5
19/06/2567,18:00,3.62
19/06/2567,17:00,3.52
19/06/2567,16:00,3.28
19/06/2567,15:00,3
19/06/2567,14:00,2.59
19/06/2567,13:00,2.22
19/06/2567,12:00,1.72
19/06/2567,11:00,1.36
19/06/2567,10:00,1.29
19/06/2567,9:00,1.33
19/06/2567,8:00,1.52
19/06/2567,7:00,1.76
19/06/2567,6:00,2.08
19/06/2567,5:00,2.39
19/06/2567,4:00,2.76
19/06/2567,3:00,3.02
19/06/2567,2:00,3.18
19/06/2567,1:00,3.2
19/06/2567,0:00,3.1
18/06/2567,23:00,3.08
18/06/2567,22:00,2.95
18/06/2567,21:00,2.97
18/06/2567,20:00,2.96
18/06/2567,19:00,2.98
18/06/2567,18:00,3.16
18/06/2567,17:00,3.19
18/06/2567,16:00,3.09
18/06/2567,15:00,2.92
18/06/2567,14:00,2.71
18/06/2567,13:00,2.44
18/06/2567,12:00,1.97
18/06/2567,11:00,1.7
18/06/2567,10:00,1.52
18/06/2567,9:00,1.43
18/06/2567,8:00,1.51
18/06/2567,7:00,1.65
18/06/2567,6:00,1.92
18/06/2567,5:00,2.24
18/06/2567,4:00,2.58
18/06/2567,3:00,2.86
18/06/2567,2:00,3.06
18/06/2567,1:00,3.31
18/06/2567,0:00,3.21
17/06/2567,23:00,3.19
17/06/2567,22:00,2.99
17/06/2567,21:00,3.01
17/06/2567,20:00,2.91
17/06/2567,19:00,2.8
17/06/2567,18:00,2.9
17/06/2567,17:00,2.88
17/06/2567,16:00,2.85
17/06/2567,15:00,2.77
17/06/2567,14:00,2.67
17/06/2567,13:00,2.56
17/06/2567,12:00,2.34
17/06/2567,11:00,1.93
17/06/2567,10:00,1.84
17/06/2567,9:00,1.7
17/06/2567,8:00,1.69
17/06/2567,7:00,1.78
17/06/2567,6:00,1.96
17/06/2567,5:00,2.24
17/06/2567,4:00,2.65
17/06/2567,3:00,2.98
17/06/2567,2:00,3.19
17/06/2567,1:00,3.31
17/06/2567,0:00,3.44
16/06/2567,23:00,3.43
16/06/2567,22:00,3.24
16/06/2567,21:00,3.09
16/06/2567,20:00,3.03
16/06/2567,19:00,2.78
16/06/2567,18:00,2.63
16/06/2567,17:00,2.46
16/06/2567,16:00,2.44
16/06/2567,15:00,2.38
16/06/2567,14:00,2.42
16/06/2567,13:00,2.32
16/06/2567,12:00,2.25
16/06/2567,11:00,2.19
16/06/2567,10:00,2.12
16/06/2567,9:00,1.99
16/06/2567,8:00,2.02
16/06/2567,7:00,2.05
16/06/2567,6:00,2.22
16/06/2567,5:00,2.41
16/06/2567,4:00,2.68
16/06/2567,3:00,2.99
16/06/2567,2:00,3.29
16/06/2567,1:00,3.48
16/06/2567,0:00,3.65
15/06/2567,23:00,3.55
15/06/2567,22:00,3.49
15/06/2567,21:00,3.22
15/06/2567,20:00,2.87
15/06/2567,19:00,2.49
15/06/2567,18:00,2.23
15/06/2567,17:00,2.04
15/06/2567,16:00,2
15/06/2567,15:00,2.07
15/06/2567,14:00,2.24
15/06/2567,13:00,2.31
15/06/2567,12:00,2.39
15/06/2567,11:00,2.55
15/06/2567,10:00,2.53
15/06/2567,9:00,2.48
15/06/2567,8:00,2.35
15/06/2567,7:00,2.34
15/06/2567,6:00,2.39
15/06/2567,5:00,2.45
15/06/2567,4:00,2.62
15/06/2567,3:00,2.93
15/06/2567,2:00,3.23
15/06/2567,1:00,3.42
15/06/2567,0:00,3.58
14/06/2567,23:00,3.62
14/06/2567,22:00,3.48
14/06/2567,21:00,3.2
14/06/2567,20:00,2.71
14/06/2567,19:00,2.37
14/06/2567,18:00,1.98
14/06/2567,17:00,1.68
14/06/2567,16:00,1.61
14/06/2567,15:00,1.67
14/06/2567,14:00,1.85
14/06/2567,13:00,2.09
14/06/2567,12:00,2.27
14/06/2567,11:00,2.47
14/06/2567,10:00,2.62
14/06/2567,9:00,2.61
14/06/2567,8:00,2.55
14/06/2567,7:00,2.45
14/06/2567,6:00,2.42
14/06/2567,5:00,2.44
14/06/2567,4:00,2.57
14/06/2567,3:00,2.85
14/06/2567,2:00,3.13
14/06/2567,1:00,3.4
14/06/2567,0:00,3.63
13/06/2567,23:00,3.67
13/06/2567,22:00,3.54
13/06/2567,21:00,3.23
13/06/2567,20:00,2.79
13/06/2567,19:00,2.27
13/06/2567,18:00,1.82
13/06/2567,17:00,1.43
13/06/2567,16:00,1.28
13/06/2567,15:00,1.34
13/06/2567,14:00,1.52
13/06/2567,13:00,1.75
13/06/2567,12:00,2.02
13/06/2567,11:00,2.28
13/06/2567,10:00,2.62
13/06/2567,9:00,2.74
13/06/2567,8:00,2.78
13/06/2567,7:00,2.78
13/06/2567,6:00,2.69
13/06/2567,5:00,2.75
13/06/2567,4:00,2.78
13/06/2567,3:00,2.97
13/06/2567,2:00,3.27
13/06/2567,1:00,3.5
13/06/2567,0:00,3.78
12/6/2567,23:00,3.86
12/6/2567,22:00,3.64
12/6/2567,21:00,3.4
12/6/2567,20:00,3.03
12/6/2567,19:00,2.54
12/6/2567,18:00,1.98
12/6/2567,17:00,1.56
12/6/2567,16:00,1.15
12/6/2567,15:00,1.16
12/6/2567,14:00,1.34
12/6/2567,13:00,1.59
12/6/2567,12:00,1.88
12/6/2567,11:00,2.22
12/6/2567,10:00,2.53
12/6/2567,9:00,2.9
12/6/2567,8:00,2.99
12/6/2567,7:00,3.02
12/6/2567,6:00,3.06
12/6/2567,5:00,3.01
12/6/2567,4:00,2.97
12/6/2567,3:00,3.07
12/6/2567,2:00,3.35
12/6/2567,1:00,3.55
12/6/2567,0:00,3.74
11/6/2567,23:00,3.95
11/6/2567,22:00,3.94
11/6/2567,21:00,3.83
11/6/2567,20:00,3.42
11/6/2567,19:00,2.83
11/6/2567,18:00,2.4
11/6/2567,17:00,1.72
11/6/2567,16:00,1.3
11/6/2567,15:00,1.11
11/6/2567,14:00,1.19
11/6/2567,13:00,1.36
11/6/2567,12:00,1.61
11/6/2567,11:00,1.9
11/6/2567,10:00,2.2
11/6/2567,9:00,2.67
11/6/2567,8:00,3.03
11/6/2567,7:00,3.25
11/6/2567,6:00,3.28
11/6/2567,5:00,3.19
11/6/2567,4:00,3.21
11/6/2567,3:00,3.12
11/6/2567,2:00,3.23
11/6/2567,1:00,3.31
11/6/2567,0:00,3.55
10/6/2567,23:00,3.87
10/6/2567,22:00,3.87
10/6/2567,21:00,3.8
10/6/2567,20:00,3.53
10/6/2567,19:00,3.24
10/6/2567,18:00,2.64
10/6/2567,17:00,1.94
10/6/2567,16:00,1.34
10/6/2567,15:00,1.14
10/6/2567,14:00,1.17
10/6/2567,13:00,1.31
10/6/2567,12:00,1.54
10/6/2567,11:00,1.92
10/6/2567,10:00,2.36
10/6/2567,9:00,2.65
10/6/2567,8:00,3.02
10/6/2567,7:00,3.2
10/6/2567,6:00,3.22
10/6/2567,5:00,3.29
10/6/2567,4:00,3.19
10/6/2567,3:00,3.11
10/6/2567,2:00,3.12
10/6/2567,1:00,3.31
10/6/2567,0:00,3.65
9/6/2567,23:00,3.99
9/6/2567,22:00,4.1
9/6/2567,21:00,4.15
9/6/2567,20:00,3.94
9/6/2567,19:00,3.72
9/6/2567,18:00,3.06
9/6/2567,17:00,2.36
9/6/2567,16:00,1.65
9/6/2567,15:00,1.01
9/6/2567,14:00,0.98
9/6/2567,13:00,1.12
9/6/2567,12:00,1.3
9/6/2567,11:00,1.54
9/6/2567,10:00,1.8
9/6/2567,9:00,2.13
9/6/2567,8:00,2.68
9/6/2567,7:00,3.38
9/6/2567,6:00,3.27
9/6/2567,5:00,3.34
9/6/2567,4:00,3.13
9/6/2567,3:00,3.05
9/6/2567,2:00,3.09
9/6/2567,1:00,3.2
9/6/2567,0:00,3.43
8/6/2567,23:00,3.77
8/6/2567,22:00,3.99
8/6/2567,21:00,4.11
8/6/2567,20:00,4.08
8/6/2567,19:00,3.81
8/6/2567,18:00,3.4
8/6/2567,17:00,2.8
8/6/2567,16:00,2.08
8/6/2567,15:00,1.32
8/6/2567,14:00,0.95
8/6/2567,13:00,1.03
8/6/2567,12:00,1.17
8/6/2567,11:00,1.37
8/6/2567,10:00,1.64
8/6/2567,9:00,1.97
8/6/2567,8:00,2.32
8/6/2567,7:00,2.71
8/6/2567,6:00,3.07
8/6/2567,5:00,3.24
8/6/2567,4:00,3.26
8/6/2567,3:00,3.22
8/6/2567,2:00,3.12
8/6/2567,1:00,3.16
8/6/2567,0:00,3.24
7/6/2567,23:00,3.47
7/6/2567,22:00,3.71
7/6/2567,21:00,3.98
7/6/2567,20:00,4.15
7/6/2567,19:00,4.02
7/6/2567,18:00,3.7
7/6/2567,17:00,3.26
7/6/2567,16:00,2.57
7/6/2567,15:00,1.79
7/6/2567,14:00,1.17
7/6/2567,13:00,0.94
7/6/2567,12:00,1.04
7/6/2567,11:00,1.2
7/6/2567,10:00,1.42
7/6/2567,9:00,1.71
7/6/2567,8:00,2.05
7/6/2567,7:00,2.46
7/6/2567,6:00,2.8
7/6/2567,5:00,3.04
7/6/2567,4:00,3.13
7/6/2567,3:00,3.08
7/6/2567,2:00,2.9
7/6/2567,1:00,2.9
7/6/2567,0:00,2.91
6/6/2567,23:00,3.03
6/6/2567,22:00,3.27
6/6/2567,21:00,3.69
6/6/2567,20:00,3.96
6/6/2567,19:00,4.01
6/6/2567,18:00,3.86
6/6/2567,17:00,3.6
6/6/2567,16:00,3.11
6/6/2567,15:00,2.41
6/6/2567,14:00,1.73
6/6/2567,13:00,1.14
6/6/2567,12:00,0.97
6/6/2567,11:00,1.07
6/6/2567,10:00,1.24
6/6/2567,9:00,1.53
6/6/2567,8:00,1.83
6/6/2567,7:00,2.16
6/6/2567,6:00,2.56
6/6/2567,5:00,2.9
6/6/2567,4:00,3.16
6/6/2567,3:00,3.21
6/6/2567,2:00,3.06
6/6/2567,1:00,2.93
6/6/2567,0:00,2.92
5/6/2567,23:00,2.91
5/6/2567,22:00,3.03
5/6/2567,21:00,3.27
5/6/2567,20:00,3.57
5/6/2567,19:00,3.79
5/6/2567,18:00,3.92
5/6/2567,17:00,3.78
5/6/2567,16:00,3.55
5/6/2567,15:00,3.13
5/6/2567,14:00,2.56
5/6/2567,13:00,1.88
5/6/2567,12:00,1.29
5/6/2567,11:00,1.12
5/6/2567,10:00,1.24
5/6/2567,9:00,1.44
5/6/2567,8:00,1.75
5/6/2567,7:00,2.07
5/6/2567,6:00,2.48
5/6/2567,5:00,2.86
5/6/2567,4:00,3.25
5/6/2567,3:00,3.48
5/6/2567,2:00,3.52
5/6/2567,1:00,3.37
5/6/2567,0:00,3.13
4/6/2567,23:00,3.02
4/6/2567,22:00,2.99
4/6/2567,21:00,3.05
4/6/2567,20:00,3.2
4/6/2567,19:00,3.41
4/6/2567,18:00,3.64
4/6/2567,17:00,3.72
4/6/2567,16:00,3.56
4/6/2567,15:00,3.33
4/6/2567,14:00,2.88
4/6/2567,13:00,2.37
4/6/2567,12:00,1.9
4/6/2567,11:00,1.45
4/6/2567,10:00,1.34
4/6/2567,9:00,1.45
4/6/2567,8:00,1.67
4/6/2567,7:00,1.94
4/6/2567,6:00,2.41
4/6/2567,5:00,2.84
4/6/2567,4:00,3.2
4/6/2567,3:00,3.5
4/6/2567,2:00,3.58
4/6/2567,1:00,3.57
4/6/2567,0:00,3.3
3/6/2567,23:00,3.06
3/6/2567,22:00,2.79
3/6/2567,21:00,2.64
3/6/2567,20:00,2.63
3/6/2567,19:00,2.81
3/6/2567,18:00,2.93
3/6/2567,17:00,3.09
3/6/2567,16:00,3.17
3/6/2567,15:00,3.11
3/6/2567,14:00,2.94
3/6/2567,13:00,2.67
3/6/2567,12:00,2.29
3/6/2567,11:00,1.9
3/6/2567,10:00,1.61
3/6/2567,9:00,1.6
3/6/2567,8:00,1.81
3/6/2567,7:00,2.06
3/6/2567,6:00,2.39
3/6/2567,5:00,2.72
3/6/2567,4:00,3.18
3/6/2567,3:00,3.44
3/6/2567,2:00,3.66
3/6/2567,1:00,3.64
3/6/2567,0:00,3.48
2/6/2567,23:00,3.25
2/6/2567,22:00,2.89
2/6/2567,21:00,2.6
2/6/2567,20:00,2.29
2/6/2567,19:00,2.17
2/6/2567,18:00,2.13
2/6/2567,17:00,2.32
2/6/2567,16:00,2.52
2/6/2567,15:00,2.57
2/6/2567,14:00,2.71
2/6/2567,13:00,2.73
2/6/2567,12:00,2.6
2/6/2567,11:00,2.36
2/6/2567,10:00,2.14
2/6/2567,9:00,2.13
2/6/2567,8:00,2.16
2/6/2567,7:00,2.23
2/6/2567,6:00,2.46
2/6/2567,5:00,2.76
2/6/2567,4:00,3.12
2/6/2567,3:00,3.49
2/6/2567,2:00,3.72
2/6/2567,1:00,3.74
2/6/2567,0:00,3.74
1/6/2567,23:00,3.42
1/6/2567,22:00,3.03
1/6/2567,21:00,2.62
1/6/2567,20:00,2.28
1/6/2567,19:00,2.03
1/6/2567,18:00,1.71
1/6/2567,17:00,1.75
1/6/2567,16:00,2.03
1/6/2567,15:00,2.24
1/6/2567,14:00,2.45
1/6/2567,13:00,2.58
1/6/2567,12:00,2.7
1/6/2567,11:00,2.87
1/6/2567,10:00,2.79
1/6/2567,9:00,2.64
1/6/2567,8:00,2.64
1/6/2567,7:00,2.63
1/6/2567,6:00,2.73
1/6/2567,5:00,2.87
1/6/2567,4:00,3.12
1/6/2567,3:00,3.48
1/6/2567,2:00,3.67
1/6/2567,1:00,3.72
1/6/2567,0:00,3.72
31/05/2567,23:00,3.59
31/05/2567,22:00,3.25
31/05/2567,21:00,2.73
31/05/2567,20:00,2.41
31/05/2567,19:00,2.09
31/05/2567,18:00,1.74
31/05/2567,17:00,1.43
31/05/2567,16:00,1.41
31/05/2567,15:00,1.58
31/05/2567,14:00,1.89
31/05/2567,13:00,2.13
31/05/2567,12:00,2.31
31/05/2567,11:00,2.67
31/05/2567,10:00,2.83
31/05/2567,9:00,2.88
31/05/2567,8:00,2.76
31/05/2567,7:00,2.75
31/05/2567,6:00,2.69
31/05/2567,5:00,2.92
31/05/2567,4:00,3
31/05/2567,3:00,3.24
31/05/2567,2:00,3.53
31/05/2567,1:00,3.71
31/05/2567,0:00,3.79
30/05/2567,23:00,3.63
30/05/2567,22:00,3.45
30/05/2567,21:00,3.29
30/05/2567,20:00,2.67
30/05/2567,19:00,2.23
30/05/2567,18:00,1.64
30/05/2567,17:00,1.26
30/05/2567,16:00,1.23
30/05/2567,15:00,1.35
30/05/2567,14:00,1.53
30/05/2567,13:00,1.79
30/05/2567,12:00,2.08
30/05/2567,11:00,2.4
30/05/2567,10:00,2.69
30/05/2567,9:00,2.88
30/05/2567,8:00,3.01
30/05/2567,7:00,3.04
30/05/2567,6:00,3.11
30/05/2567,5:00,3.11
30/05/2567,4:00,3.21
30/05/2567,3:00,3.39
30/05/2567,2:00,3.57
30/05/2567,1:00,3.84
30/05/2567,0:00,3.95
29/05/2567,23:00,3.93
29/05/2567,22:00,3.75
29/05/2567,21:00,3.42
29/05/2567,20:00,2.82
29/05/2567,19:00,2.24
29/05/2567,18:00,1.67
29/05/2567,17:00,1.21
29/05/2567,16:00,1
29/05/2567,15:00,1.12
29/05/2567,14:00,1.28
29/05/2567,13:00,1.51
29/05/2567,12:00,1.79
29/05/2567,11:00,2.13
29/05/2567,10:00,2.47
29/05/2567,9:00,2.8
29/05/2567,8:00,3.04
29/05/2567,7:00,3.08
29/05/2567,6:00,3.09
29/05/2567,5:00,2.97
29/05/2567,4:00,3.03
29/05/2567,3:00,3.15
29/05/2567,2:00,3.39
29/05/2567,1:00,3.58
29/05/2567,0:00,3.87
28/05/2567,23:00,3.99
28/05/2567,22:00,3.94
28/05/2567,21:00,3.74
28/05/2567,20:00,3.36
28/05/2567,19:00,2.81
28/05/2567,18:00,2.19
28/05/2567,17:00,1.51
28/05/2567,16:00,1.02
28/05/2567,15:00,1.01
28/05/2567,14:00,1.15
28/05/2567,13:00,1.37
28/05/2567,12:00,1.65
28/05/2567,11:00,1.97
28/05/2567,10:00,2.35
28/05/2567,9:00,2.75
28/05/2567,8:00,3.02
28/05/2567,7:00,3.21
28/05/2567,6:00,3.32
28/05/2567,5:00,3.3
28/05/2567,4:00,3.17
28/05/2567,3:00,3.23
28/05/2567,2:00,3.34
28/05/2567,1:00,3.53
28/05/2567,0:00,3.82
27/05/2567,23:00,3.91
27/05/2567,22:00,4.19
27/05/2567,21:00,4.08
27/05/2567,20:00,3.78
27/05/2567,19:00,3.32
27/05/2567,18:00,2.69
27/05/2567,17:00,1.96
27/05/2567,16:00,1.11
27/05/2567,15:00,0.93
27/05/2567,14:00,1.03
27/05/2567,13:00,1.19
27/05/2567,12:00,1.39
27/05/2567,11:00,1.68
27/05/2567,10:00,2.05
27/05/2567,9:00,2.44
27/05/2567,8:00,2.81
27/05/2567,7:00,3.04
27/05/2567,6:00,3.16
27/05/2567,5:00,3.25
27/05/2567,4:00,3.14
27/05/2567,3:00,2.87
27/05/2567,2:00,3.01
27/05/2567,1:00,3.17
27/05/2567,0:00,3.39
26/05/2567,23:00,3.7
26/05/2567,22:00,3.59
26/05/2567,21:00,4.17
26/05/2567,20:00,4.03
26/05/2567,19:00,3.7
26/05/2567,18:00,3.25
26/05/2567,17:00,2.65
26/05/2567,16:00,1.94
26/05/2567,15:00,1.41
26/05/2567,14:00,1.08
26/05/2567,13:00,1.17
26/05/2567,12:00,1.33
26/05/2567,11:00,1.57
26/05/2567,10:00,1.87
26/05/2567,9:00,2.2
26/05/2567,8:00,2.56
26/05/2567,7:00,3
26/05/2567,6:00,3.19
26/05/2567,5:00,3.27
26/05/2567,4:00,3.31
26/05/2567,3:00,3.08
26/05/2567,2:00,3.1
26/05/2567,1:00,3.17
26/05/2567,0:00,3.29
25/05/2567,23:00,3.62
25/05/2567,22:00,3.91
25/05/2567,21:00,4.18
25/05/2567,20:00,4.25
25/05/2567,19:00,3.93
25/05/2567,18:00,3.69
25/05/2567,17:00,3.19
25/05/2567,16:00,2.41
25/05/2567,15:00,1.76
25/05/2567,14:00,1.21
25/05/2567,13:00,1.1
25/05/2567,12:00,1.21
25/05/2567,11:00,1.41
25/05/2567,10:00,1.74
25/05/2567,9:00,2.09
25/05/2567,8:00,2.44
25/05/2567,7:00,2.8
25/05/2567,6:00,3.11
25/05/2567,5:00,3.25
25/05/2567,4:00,3.25
25/05/2567,3:00,3.14
25/05/2567,2:00,3.07
25/05/2567,1:00,2.99
25/05/2567,0:00,3.1
24/05/2567,23:00,3.34
24/05/2567,22:00,3.63
24/05/2567,21:00,3.95
24/05/2567,20:00,4.09
24/05/2567,19:00,4.01
24/05/2567,18:00,3.91
24/05/2567,17:00,3.49
24/05/2567,16:00,2.9
24/05/2567,15:00,2.2
24/05/2567,14:00,1.58
24/05/2567,13:00,1.11
24/05/2567,12:00,1.15
24/05/2567,11:00,1.36
24/05/2567,10:00,1.61
24/05/2567,9:00,1.93
24/05/2567,8:00,2.32
24/05/2567,7:00,2.67
24/05/2567,6:00,3.03
24/05/2567,5:00,3.23
24/05/2567,4:00,3.37
24/05/2567,3:00,3.19
24/05/2567,2:00,2.99
24/05/2567,1:00,2.75
24/05/2567,0:00,2.79
23/05/2567,23:00,2.99
23/05/2567,22:00,3.27
23/05/2567,21:00,3.51
23/05/2567,20:00,3.96
23/05/2567,19:00,4.08
23/05/2567,18:00,4.01
23/05/2567,17:00,3.74
23/05/2567,16:00,3.27
23/05/2567,15:00,2.62
23/05/2567,14:00,2.03
23/05/2567,13:00,1.39
23/05/2567,12:00,1.13
23/05/2567,11:00,1.27
23/05/2567,10:00,1.51
23/05/2567,9:00,1.78
23/05/2567,8:00,2.13
23/05/2567,7:00,2.48
23/05/2567,6:00,2.88
23/05/2567,5:00,3.15
23/05/2567,4:00,3.25
23/05/2567,3:00,3.15
23/05/2567,2:00,2.98
23/05/2567,1:00,2.84
23/05/2567,0:00,2.75
22/05/2567,23:00,2.72
22/05/2567,22:00,2.9
22/05/2567,21:00,3.18
22/05/2567,20:00,3.46
22/05/2567,19:00,3.66
22/05/2567,18:00,3.68
22/05/2567,17:00,3.61
22/05/2567,16:00,3.29
22/05/2567,15:00,2.79
22/05/2567,14:00,2.31
22/05/2567,13:00,1.76
22/05/2567,12:00,1.49
22/05/2567,11:00,1.28
22/05/2567,10:00,1.43
22/05/2567,9:00,1.74
22/05/2567,8:00,2.02
22/05/2567,7:00,2.37
22/05/2567,6:00,2.7
22/05/2567,5:00,2.96
22/05/2567,4:00,3.12
22/05/2567,3:00,3.29
22/05/2567,2:00,2.98
22/05/2567,1:00,2.72
22/05/2567,0:00,2.78
21/05/2567,23:00,2.72
21/05/2567,22:00,2.86
21/05/2567,21:00,2.92
21/05/2567,20:00,3.28
21/05/2567,19:00,3.46
21/05/2567,18:00,3.69
21/05/2567,17:00,3.65
21/05/2567,16:00,3.45
21/05/2567,15:00,3.17
21/05/2567,14:00,2.72
21/05/2567,13:00,2.29
21/05/2567,12:00,1.71
21/05/2567,11:00,1.6
21/05/2567,10:00,1.59
21/05/2567,9:00,1.81
21/05/2567,8:00,2.08
21/05/2567,7:00,2.45
21/05/2567,6:00,2.87
21/05/2567,5:00,3.19
21/05/2567,4:00,3.45
21/05/2567,3:00,3.51
21/05/2567,2:00,3.47
21/05/2567,1:00,3.23
21/05/2567,0:00,2.94
20/05/2567,23:00,2.76
20/05/2567,22:00,2.69
20/05/2567,21:00,2.77
20/05/2567,20:00,2.79
20/05/2567,19:00,2.96
20/05/2567,18:00,3.18
20/05/2567,17:00,3.32
20/05/2567,16:00,3.23
20/05/2567,15:00,3.1
20/05/2567,14:00,2.85
20/05/2567,13:00,2.52
20/05/2567,12:00,2.19
20/05/2567,11:00,1.86
20/05/2567,10:00,1.78
20/05/2567,9:00,1.92
20/05/2567,8:00,2.15
20/05/2567,7:00,2.41
20/05/2567,6:00,2.77
20/05/2567,5:00,3.1
20/05/2567,4:00,3.44
20/05/2567,3:00,3.43
20/05/2567,2:00,3.43
20/05/2567,1:00,3.4
20/05/2567,0:00,3.16
19/05/2567,23:00,3.06
19/05/2567,22:00,2.85
19/05/2567,21:00,2.56
19/05/2567,20:00,2.74
19/05/2567,19:00,2.86
19/05/2567,18:00,2.96
19/05/2567,17:00,2.96
19/05/2567,16:00,3.03
19/05/2567,15:00,2.93
19/05/2567,14:00,2.86
19/05/2567,13:00,2.64
19/05/2567,12:00,2.47
19/05/2567,11:00,2.15
19/05/2567,10:00,2.08
19/05/2567,9:00,2.15
19/05/2567,8:00,2.27
19/05/2567,7:00,2.53
19/05/2567,6:00,2.86
19/05/2567,5:00,3.18
19/05/2567,4:00,3.45
19/05/2567,3:00,3.62
19/05/2567,2:00,3.7
19/05/2567,1:00,3.59
19/05/2567,0:00,3.44
18/05/2567,23:00,3.12
18/05/2567,22:00,2.8
18/05/2567,21:00,2.47
18/05/2567,20:00,2.36
18/05/2567,19:00,2.21
18/05/2567,18:00,2.26
18/05/2567,17:00,2.31
18/05/2567,16:00,2.43
18/05/2567,15:00,2.53
18/05/2567,14:00,2.53
18/05/2567,13:00,2.57
18/05/2567,12:00,2.51
18/05/2567,11:00,2.4
18/05/2567,10:00,2.35
18/05/2567,9:00,2.33
18/05/2567,8:00,2.41
18/05/2567,7:00,2.59
18/05/2567,6:00,2.79
18/05/2567,5:00,2.99
18/05/2567,4:00,3.22
18/05/2567,3:00,3.39
18/05/2567,2:00,3.49
18/05/2567,1:00,3.47
18/05/2567,0:00,3.31
17/05/2567,23:00,3.23
17/05/2567,22:00,2.92
17/05/2567,21:00,2.62
17/05/2567,20:00,2.4
17/05/2567,19:00,2.3
17/05/2567,18:00,2.11
17/05/2567,17:00,2.05
17/05/2567,16:00,2.07
17/05/2567,15:00,2.16
17/05/2567,14:00,2.3
17/05/2567,13:00,2.35
17/05/2567,12:00,2.54
17/05/2567,11:00,2.66
17/05/2567,10:00,2.62
17/05/2567,9:00,2.74
17/05/2567,8:00,2.57
17/05/2567,7:00,2.7
17/05/2567,6:00,3.11
17/05/2567,5:00,3.13
17/05/2567,4:00,3.56
17/05/2567,3:00,3.68
17/05/2567,2:00,3.8
17/05/2567,1:00,3.82
17/05/2567,0:00,3.7
16/05/2567,23:00,3.52
16/05/2567,22:00,3.2
16/05/2567,21:00,2.93
16/05/2567,20:00,2.5
16/05/2567,19:00,2.12
16/05/2567,18:00,1.87
16/05/2567,17:00,1.63
16/05/2567,16:00,1.67
16/05/2567,15:00,1.78
16/05/2567,14:00,1.93
16/05/2567,13:00,2.2
16/05/2567,12:00,2.45
16/05/2567,11:00,2.55
16/05/2567,10:00,2.71
16/05/2567,9:00,2.85
16/05/2567,8:00,2.77
16/05/2567,7:00,2.96
16/05/2567,6:00,2.94
16/05/2567,5:00,3.06
16/05/2567,4:00,3.22
16/05/2567,3:00,3.43
16/05/2567,2:00,3.67
16/05/2567,1:00,3.83
16/05/2567,0:00,3.86
15/05/2567,23:00,3.74
15/05/2567,22:00,3.5
15/05/2567,21:00,3.16
15/05/2567,20:00,2.71
15/05/2567,19:00,2.25
15/05/2567,18:00,1.73
15/05/2567,17:00,1.56
15/05/2567,16:00,1.44
15/05/2567,15:00,1.54
15/05/2567,14:00,1.74
15/05/2567,13:00,2
15/05/2567,12:00,2.24
15/05/2567,11:00,2.52
15/05/2567,10:00,2.81
15/05/2567,9:00,3
15/05/2567,8:00,3.13
15/05/2567,7:00,3.13
15/05/2567,6:00,3.2
15/05/2567,5:00,3.26
15/05/2567,4:00,3.36
15/05/2567,3:00,3.53
15/05/2567,2:00,3.63
15/05/2567,1:00,3.8
15/05/2567,0:00,3.88
14/05/2567,23:00,3.8
14/05/2567,22:00,3.56
14/05/2567,21:00,3.25
14/05/2567,20:00,2.79
14/05/2567,19:00,2.3
14/05/2567,18:00,1.78
14/05/2567,17:00,1.4
14/05/2567,16:00,1.12
14/05/2567,15:00,1.22
14/05/2567,14:00,1.4
14/05/2567,13:00,1.63
14/05/2567,12:00,1.92
14/05/2567,11:00,2.22
14/05/2567,10:00,2.6
14/05/2567,9:00,2.91
14/05/2567,8:00,3.11
14/05/2567,7:00,3.09
14/05/2567,6:00,3.17
14/05/2567,5:00,3.25
14/05/2567,4:00,3.22
14/05/2567,3:00,3.32
14/05/2567,2:00,3.37
14/05/2567,1:00,3.62
14/05/2567,0:00,3.81
13/05/2567,23:00,3.84
13/05/2567,22:00,3.72
13/05/2567,21:00,3.68
13/05/2567,20:00,3.35
13/05/2567,19:00,2.68
13/05/2567,18:00,2.05
13/05/2567,17:00,1.48
13/05/2567,16:00,1.1
13/05/2567,15:00,1.14
13/05/2567,14:00,1.33
13/05/2567,13:00,1.56
13/05/2567,12:00,1.84
13/05/2567,11:00,2.16
13/05/2567,10:00,2.5
13/05/2567,9:00,2.93
13/05/2567,8:00,3.25
13/05/2567,7:00,3.42
13/05/2567,6:00,3.49
13/05/2567,5:00,3.34
13/05/2567,4:00,3.33
13/05/2567,3:00,3.31
13/05/2567,2:00,3.43
13/05/2567,1:00,3.61
13/05/2567,0:00,3.82
12/5/2567,23:00,3.99
12/5/2567,22:00,4.02
12/5/2567,21:00,3.88
12/5/2567,20:00,3.56
12/5/2567,19:00,3.07
12/5/2567,18:00,2.43
12/5/2567,17:00,1.65
12/5/2567,16:00,1.03
12/5/2567,15:00,0.96
12/5/2567,14:00,1.08
12/5/2567,13:00,1.25
12/5/2567,12:00,1.5
12/5/2567,11:00,1.82
12/5/2567,10:00,2.17
12/5/2567,9:00,2.56
12/5/2567,8:00,2.89
12/5/2567,7:00,3.19
12/5/2567,6:00,3.34
12/5/2567,5:00,3.26
12/5/2567,4:00,3.09
12/5/2567,3:00,3.07
12/5/2567,2:00,3.11
12/5/2567,1:00,3.29
12/5/2567,0:00,3.45
11/5/2567,23:00,3.76
11/5/2567,22:00,3.96
11/5/2567,21:00,3.98
11/5/2567,20:00,3.8
11/5/2567,19:00,3.38
11/5/2567,18:00,2.82
11/5/2567,17:00,2.15
11/5/2567,16:00,1.39
11/5/2567,15:00,0.99
11/5/2567,14:00,1.01
11/5/2567,13:00,1.14
11/5/2567,12:00,1.34
11/5/2567,11:00,1.61
11/5/2567,10:00,1.94
11/5/2567,9:00,2.41
11/5/2567,8:00,2.79
11/5/2567,7:00,3.16
11/5/2567,6:00,3.33
11/5/2567,5:00,3.36
11/5/2567,4:00,3.25
11/5/2567,3:00,3.13
11/5/2567,2:00,3.14
11/5/2567,1:00,3.17
11/5/2567,0:00,3.39
10/5/2567,23:00,3.64
10/5/2567,22:00,4.05
10/5/2567,21:00,4.24
10/5/2567,20:00,4.25
10/5/2567,19:00,4.1
10/5/2567,18:00,3.75
10/5/2567,17:00,3.17
10/5/2567,16:00,2.48
10/5/2567,15:00,1.7
10/5/2567,14:00,1.11
10/5/2567,13:00,1.15
10/5/2567,12:00,1.31
10/5/2567,11:00,1.61
10/5/2567,10:00,1.95
10/5/2567,9:00,2.36
10/5/2567,8:00,2.79
10/5/2567,7:00,3.2
10/5/2567,6:00,3.41
10/5/2567,5:00,3.6
10/5/2567,4:00,3.5
10/5/2567,3:00,3.2
10/5/2567,2:00,3.06
10/5/2567,1:00,2.92
10/5/2567,0:00,3.1
9/5/2567,23:00,3.31
9/5/2567,22:00,3.7
9/5/2567,21:00,4.01
9/5/2567,20:00,4.21
9/5/2567,19:00,4.17
9/5/2567,18:00,4.02
9/5/2567,17:00,3.6
9/5/2567,16:00,3.02
9/5/2567,15:00,2.23
9/5/2567,14:00,1.49
9/5/2567,13:00,1.1
9/5/2567,12:00,1.23
9/5/2567,11:00,1.44
9/5/2567,10:00,1.74
9/5/2567,9:00,2.14
9/5/2567,8:00,2.57
9/5/2567,7:00,3.03
9/5/2567,6:00,3.37
9/5/2567,5:00,3.62
9/5/2567,4:00,3.64
9/5/2567,3:00,3.42
9/5/2567,2:00,3.01
9/5/2567,1:00,2.75
9/5/2567,0:00,2.68
8/5/2567,23:00,2.75
8/5/2567,22:00,3
8/5/2567,21:00,3.34
8/5/2567,20:00,3.71
8/5/2567,19:00,3.96
8/5/2567,18:00,3.91
8/5/2567,17:00,3.63
8/5/2567,16:00,3.24
8/5/2567,15:00,2.58
8/5/2567,14:00,1.8
8/5/2567,13:00,1.19
8/5/2567,12:00,1.14
8/5/2567,11:00,1.31
8/5/2567,10:00,1.53
8/5/2567,9:00,1.84
8/5/2567,8:00,2.3
8/5/2567,7:00,2.75
8/5/2567,6:00,3.19
8/5/2567,5:00,3.49
8/5/2567,4:00,3.59
8/5/2567,3:00,3.5
8/5/2567,2:00,3.21
8/5/2567,1:00,2.65
8/5/2567,0:00,2.51
7/5/2567,23:00,2.37
7/5/2567,22:00,2.57
7/5/2567,21:00,2.8
7/5/2567,20:00,3.05
7/5/2567,19:00,3.52
7/5/2567,18:00,3.86
7/5/2567,17:00,3.65
7/5/2567,16:00,3.37
7/5/2567,15:00,3.12
7/5/2567,14:00,2.55
7/5/2567,13:00,1.82
7/5/2567,12:00,1.41
7/5/2567,11:00,1.47
7/5/2567,10:00,1.72
7/5/2567,9:00,2.09
7/5/2567,8:00,2.5
7/5/2567,7:00,2.81
7/5/2567,6:00,3.3
7/5/2567,5:00,3.6
7/5/2567,4:00,3.77
7/5/2567,3:00,3.73
7/5/2567,2:00,3.49
7/5/2567,1:00,2.98
7/5/2567,0:00,2.58
6/5/2567,23:00,2.31
6/5/2567,22:00,2.26
6/5/2567,21:00,2.34
6/5/2567,20:00,2.7
6/5/2567,19:00,3.1
6/5/2567,18:00,3.29
6/5/2567,17:00,3.47
6/5/2567,16:00,3.49
6/5/2567,15:00,3.39
6/5/2567,14:00,2.99
6/5/2567,13:00,2.47
6/5/2567,12:00,2.03
6/5/2567,11:00,1.8
6/5/2567,10:00,1.8
6/5/2567,9:00,2
6/5/2567,8:00,2.33
6/5/2567,7:00,2.73
6/5/2567,6:00,3.17
6/5/2567,5:00,3.58
6/5/2567,4:00,3.72
6/5/2567,3:00,3.75
6/5/2567,2:00,3.56
6/5/2567,1:00,3.17
6/5/2567,0:00,2.82
5/5/2567,23:00,2.31
5/5/2567,22:00,2.09
5/5/2567,21:00,2.03
5/5/2567,20:00,2.16
5/5/2567,19:00,2.33
5/5/2567,18:00,2.59
5/5/2567,17:00,2.81
5/5/2567,16:00,2.98
5/5/2567,15:00,2.97
5/5/2567,14:00,2.87
5/5/2567,13:00,2.6
5/5/2567,12:00,2.29
5/5/2567,11:00,2.14
5/5/2567,10:00,2.09
5/5/2567,9:00,2.22
5/5/2567,8:00,2.47
5/5/2567,7:00,2.76
5/5/2567,6:00,3.11
5/5/2567,5:00,3.43
5/5/2567,4:00,3.74
5/5/2567,3:00,3.77
5/5/2567,2:00,3.61
5/5/2567,1:00,3.35
5/5/2567,0:00,3.01
4/5/2567,23:00,2.59
4/5/2567,22:00,2.17
4/5/2567,21:00,1.94
4/5/2567,20:00,1.82
4/5/2567,19:00,1.88
4/5/2567,18:00,2.01
4/5/2567,17:00,2.25
4/5/2567,16:00,2.34
4/5/2567,15:00,2.46
4/5/2567,14:00,2.71
4/5/2567,13:00,2.72
4/5/2567,12:00,2.63
4/5/2567,11:00,2.56
4/5/2567,10:00,2.59
4/5/2567,9:00,2.6
4/5/2567,8:00,2.74
4/5/2567,7:00,2.93
4/5/2567,6:00,3.26
4/5/2567,5:00,3.53
4/5/2567,4:00,3.72
4/5/2567,3:00,3.81
4/5/2567,2:00,3.72
4/5/2567,1:00,3.56
4/5/2567,0:00,3.29
3/5/2567,23:00,2.91
3/5/2567,22:00,2.49
3/5/2567,21:00,2.14
3/5/2567,20:00,1.89
3/5/2567,19:00,1.63
3/5/2567,18:00,1.61
3/5/2567,17:00,1.7
3/5/2567,16:00,1.84
3/5/2567,15:00,2.03
3/5/2567,14:00,2.22
3/5/2567,13:00,2.36
3/5/2567,12:00,2.52
3/5/2567,11:00,2.65
3/5/2567,10:00,2.74
3/5/2567,9:00,2.8
3/5/2567,8:00,2.91
3/5/2567,7:00,3.11
3/5/2567,6:00,3.28
3/5/2567,5:00,3.47
3/5/2567,4:00,3.62
3/5/2567,3:00,3.78
3/5/2567,2:00,3.84
3/5/2567,1:00,3.74
3/5/2567,0:00,3.55
2/5/2567,23:00,3.23
2/5/2567,22:00,2.89
2/5/2567,21:00,2.47
2/5/2567,20:00,2.11
2/5/2567,19:00,1.8
2/5/2567,18:00,1.63
2/5/2567,17:00,1.58
2/5/2567,16:00,1.68
2/5/2567,15:00,1.83
2/5/2567,14:00,2.05
2/5/2567,13:00,2.25
2/5/2567,12:00,2.43
2/5/2567,11:00,2.64
2/5/2567,10:00,2.84
2/5/2567,9:00,3.01
2/5/2567,8:00,3.09
2/5/2567,7:00,3.25
2/5/2567,6:00,3.35
2/5/2567,5:00,3.44
2/5/2567,4:00,3.55
2/5/2567,3:00,3.64
2/5/2567,2:00,3.79
2/5/2567,1:00,3.83
2/5/2567,0:00,3.78
1/5/2567,23:00,3.62
1/5/2567,22:00,3.29
1/5/2567,21:00,2.89
1/5/2567,20:00,2.41
1/5/2567,19:00,1.99
1/5/2567,18:00,1.6
1/5/2567,17:00,1.33
1/5/2567,16:00,1.26
1/5/2567,15:00,1.39
1/5/2567,14:00,1.64
1/5/2567,13:00,1.9
1/5/2567,12:00,2.18
1/5/2567,11:00,2.49
1/5/2567,10:00,2.85
1/5/2567,9:00,3.05
1/5/2567,8:00,3.18
1/5/2567,7:00,3.22
1/5/2567,6:00,3.23
1/5/2567,5:00,3.29
1/5/2567,4:00,3.33
1/5/2567,3:00,3.46
1/5/2567,2:00,3.6
1/5/2567,1:00,3.79
1/5/2567,0:00,3.88
